batch-1,cmnuo2dvt003hog79tizmkm4q,EMPTY_PATH,audio,https://mmg.whatsapp.net/v/t62.7114-24/548816174_3035381766662864_7200431546402255835_n.enc?ccb=11-4&oh=01_Q5Aa4AGZk17YZEIkdKjLBqyiB3MvB4moIN7bvgKcIxBm0bWD-w&oe=69F50B99&_nc_sid=5e03e0&mms3=true
batch-1,cmnuo3r8m02hlog79fltunp41,EMPTY_PATH,image,https://mmg.whatsapp.net/v/t62.7118-24/616376026_946403001585437_6045068082310770500_n.enc?ccb=11-4&oh=01_Q5Aa4AHu2QvS7QVVh9KlGqqUbeZv0Ks41f4XdIHxeVND3wQPkA&oe=69F3DE90&_nc_sid=5e03e0&mms3=true
batch-1,cmnuo3r7901trog79lv102rda,EMPTY_PATH,audio,https://mmg.whatsapp.net/v/t62.7114-24/548816174_3035381766662864_7200431546402255835_n.enc?ccb=11-4&oh=01_Q5Aa4AEIjM1s6CZgRwTEomJGM5rCQjsd0OlApjbsbNxAUnnILA&oe=69F1F819&_nc_sid=5e03e0&mms3=true
batch-1,cmnuo3r8e02egog79gjyns1cr,EMPTY_PATH,audio,https://mmg.whatsapp.net/v/t62.7117-24/614713392_2800791126927096_4798351881699711626_n.enc?ccb=11-4&oh=01_Q5Aa4AHbAgdBBDuFw9OsFCwDDQhUiw-f5KyPseHY5SYD7coUaw&oe=69F2697B&_nc_sid=5e03e0&mms3=true
batch-1,cmnuo3r9k02w0og79pe4axtb4,EMPTY_PATH,audio,https://mmg.whatsapp.net/v/t62.7117-24/614982769_1262692595383500_4935350271146050927_n.enc?ccb=11-4&oh=01_Q5Aa4AFvYAmoeZ0JBRu_IqBR_bsgg-S7y2VxrKtQ_iyn_Vn3ew&oe=69F2811D&_nc_sid=5e03e0&mms3=true
batch-1,cmnuo3r9h02upog79shh4bmda,EMPTY_PATH,audio,https://mmg.whatsapp.net/v/t62.7117-24/549219615_972762131854207_3964880676899584449_n.enc?ccb=11-4&oh=01_Q5Aa4AE0z-EH5tf4EgJ5shSWOLQklGuygFBxwFsYAP03yWy8KA&oe=69F26DC9&_nc_sid=5e03e0&mms3=true
batch-1,cmnuo3r84029nog79byyq8t6h,EMPTY_PATH,audio,https://mmg.whatsapp.net/v/t62.7117-24/563530557_26474676235500881_8262714925636276494_n.enc?ccb=11-4&oh=01_Q5Aa4AG-cz6OXx2Ga1lxlFVw1IppLQ28POZTSV38XP87ZQCObg&oe=69F275CB&_nc_sid=5e03e0&mms3=true
batch-1,cmnuo3r84029oog79pk5i4o0a,EMPTY_PATH,audio,https://mmg.whatsapp.net/v/t62.7117-24/548593515_914247011510398_2183327766616226421_n.enc?ccb=11-4&oh=01_Q5Aa4AFQAkn9kHhXN6kXjK0qpT7FgBRLMe1Fm2GyRGY26JVrww&oe=69F25AB9&_nc_sid=5e03e0&mms3=true
batch-1,cmnuo3r84029pog795jl7q36q,EMPTY_PATH,audio,https://mmg.whatsapp.net/v/t62.7117-24/541605446_1437085374181592_761232863338097066_n.enc?ccb=11-4&oh=01_Q5Aa4AHwwneGLttyDhjh_3prLbgLN1cevi_r_ho_HDnxXjHZyQ&oe=69F26B4D&_nc_sid=5e03e0&mms3=true
batch-1,cmnuo3r84029qog79thbz8j5l,EMPTY_PATH,audio,https://mmg.whatsapp.net/v/t62.7117-24/543207598_1460402002134853_2539464153433049024_n.enc?ccb=11-4&oh=01_Q5Aa4AHOJ3gGZ5r6lLxGDvq3JFtrNeHyUgNPYINF5BP3QUHXEA&oe=69F27AF5&_nc_sid=5e03e0&mms3=true
batch-1,cmnuo3r84029rog799xe09lp3,EMPTY_PATH,audio,https://mmg.whatsapp.net/v/t62.7117-24/584701665_971155048689096_1783417445102663358_n.enc?ccb=11-4&oh=01_Q5Aa4AH9_gNDWbfIVSOoXO7uCWTPHmS0OVPl8SCwCqAn6Ok0Pw&oe=69F2828A&_nc_sid=5e03e0&mms3=true
batch-1,cmnuo3r8e02ehog79zwwkuems,EMPTY_PATH,audio,https://mmg.whatsapp.net/v/t62.7117-24/612462632_1824901478184881_6271554518046986129_n.enc?ccb=11-4&oh=01_Q5Aa4AEfze1VPlnsoa_M9K3C0w3O09AOM6-WAwh53kvECahzVg&oe=69F25141&_nc_sid=5e03e0&mms3=true
batch-1,cmnuo3r8e02eiog798pfh3mg6,EMPTY_PATH,audio,https://mmg.whatsapp.net/v/t62.7117-24/609071605_2151936812237360_5952785150288588546_n.enc?ccb=11-4&oh=01_Q5Aa4AEx8zlYJ-3NVD6IaNgixKYKpgz9ge80qX4qa9LjzDaUtQ&oe=69F279E4&_nc_sid=5e03e0&mms3=true
batch-1,cmnuo3r84029uog79oc6zv03q,EMPTY_PATH,audio,https://mmg.whatsapp.net/v/t62.7117-24/605838579_1668854574288553_575674645445485630_n.enc?ccb=11-4&oh=01_Q5Aa4AGg3fqKQFYEdErtBRQ4K4tiYiuHL6dqucoRzduXUGAm_Q&oe=69F26C2C&_nc_sid=5e03e0&mms3=true
batch-1,cmnuo2dvz006eog796qmx1z2t,EMPTY_PATH,audio,https://mmg.whatsapp.net/v/t62.7117-24/541294892_1445018374032011_2703378506914347795_n.enc?ccb=11-4&oh=01_Q5Aa4AGsfvQw1lMqT4K7Cu8ATYxkJ8N5Njwr2bbu1h_wDiG6PQ&oe=69F27240&_nc_sid=5e03e0&mms3=true
batch-1,cmnuo3r7m01zuog79hxefuq0w,EMPTY_PATH,audio,https://mmg.whatsapp.net/v/t62.7117-24/613567321_2672406943134691_9040133624226815281_n.enc?ccb=11-4&oh=01_Q5Aa4AHgwcVe0RXtcOS9bZV9tZKP7JY_ZauFaRKjf5n4Wf2p4w&oe=69F24D84&_nc_sid=5e03e0&mms3=true
batch-1,cmnuo2dvz006fog798tlgg4xo,EMPTY_PATH,audio,https://mmg.whatsapp.net/v/t62.7117-24/616194322_796897036823988_6332633922409392639_n.enc?ccb=11-4&oh=01_Q5Aa4AEtc7s2sqicjN82fINV-y3rYqX3FyV7UUdCYKnGgncUIg&oe=69F23C70&_nc_sid=5e03e0&mms3=true
batch-1,cmnuo3rbd034mog79p5uhbkq1,EMPTY_PATH,audio,https://mmg.whatsapp.net/v/t62.7117-24/606072840_948756061386882_1963669741975666539_n.enc?ccb=11-4&oh=01_Q5Aa4AHTY2_PPX5zHnHclmkA2x6VbeMlwVnkbQdYyw0NLVOn5g&oe=69F23A43&_nc_sid=5e03e0&mms3=true
batch-1,cmnuo3rbd034nog792em5bmvs,EMPTY_PATH,audio,https://mmg.whatsapp.net/v/t62.7117-24/542694685_966267995861085_1582058038727890829_n.enc?ccb=11-4&oh=01_Q5Aa4AEq_sS17jnb-mTaWezJNWEVvQ8WOXM8TqyGSzEoXnpAKQ&oe=69F260B4&_nc_sid=5e03e0&mms3=true
batch-1,cmnuo2dvz006gog79qore3ybp,EMPTY_PATH,audio,https://mmg.whatsapp.net/v/t62.7117-24/545395343_1985905535328486_6318466403129442010_n.enc?ccb=11-4&oh=01_Q5Aa4AFHNAJaLjzpQSl-19wk4dnZwnO0BXeSoU0lyzYm_aInNg&oe=69F24AB0&_nc_sid=5e03e0&mms3=true
batch-1,cmnuo3rbd034xog79d4gxrr0n,EMPTY_PATH,audio,https://mmg.whatsapp.net/v/t62.7117-24/611839955_3128307114030385_5206843827886803777_n.enc?ccb=11-4&oh=01_Q5Aa4AHpwNHJNDAbUrP0_FWc3NT5xvesaib3KeUTuTrcSc2TFw&oe=69F25D8E&_nc_sid=5e03e0&mms3=true
batch-1,cmnuo3rbd0351og79db9g2yqu,EMPTY_PATH,audio,https://mmg.whatsapp.net/v/t62.7117-24/547822635_1456704293314870_784947750619182323_n.enc?ccb=11-4&oh=01_Q5Aa4AHpXmemseDmzRlaw12h-GRaZEK4nNvFZJFEHUpENKaU2A&oe=69F23C2B&_nc_sid=5e03e0&mms3=true
batch-1,cmnuo3rbd0352og79lem42drv,EMPTY_PATH,audio,https://mmg.whatsapp.net/v/t62.7117-24/617022881_2670042833378239_6504213521797256276_n.enc?ccb=11-4&oh=01_Q5Aa4AGNFHzdDmHae3naGBgjrVCCGhMcQwaV1kHe8jCZIi7GIw&oe=69F24B06&_nc_sid=5e03e0&mms3=true
batch-1,cmnuo3rbc034cog797s5dnfxp,EMPTY_PATH,audio,https://mmg.whatsapp.net/v/t62.7117-24/549023405_780151238228491_4590371707683969648_n.enc?ccb=11-4&oh=01_Q5Aa4AHZ_GI5pOBIaYy0xJVI1WuColQEZVwI4-iQRMbCcD8nSQ&oe=69F23203&_nc_sid=5e03e0&mms3=true
batch-1,cmnuo3r9k02w1og79erlnjfd5,EMPTY_PATH,audio,https://mmg.whatsapp.net/v/t62.7117-24/585509442_922791327397266_7497080563177800182_n.enc?ccb=11-4&oh=01_Q5Aa4AEVW_C4FrbEcF9xXTmv-SJccwp1bNVkj0xwlqD7fUu6pA&oe=69F250C9&_nc_sid=5e03e0&mms3=true
batch-1,cmnuo3r84029vog79rvylurvw,EMPTY_PATH,audio,https://mmg.whatsapp.net/v/t62.7117-24/548495797_1305126858278594_4188754340367591708_n.enc?ccb=11-4&oh=01_Q5Aa4AEeV2WNH1NweSuFiSXE1OeLXCg8rWhE9i3kvbwSl-j1fw&oe=69F246B0&_nc_sid=5e03e0&mms3=true
batch-1,cmnuo3r84029wog79s56cr7v6,EMPTY_PATH,audio,https://mmg.whatsapp.net/v/t62.7117-24/542822272_912080431662876_2649881717732931166_n.enc?ccb=11-4&oh=01_Q5Aa4AGbRbflS0W0dk4yXxRbSk9Bksev4klWqockEZNVwhLaCA&oe=69F22E87&_nc_sid=5e03e0&mms3=true
batch-1,cmnuo3r84029xog79my6knl2y,EMPTY_PATH,audio,https://mmg.whatsapp.net/v/t62.7117-24/613402499_861999043524665_9214913361073094660_n.enc?ccb=11-4&oh=01_Q5Aa4AEoUSeDRs23Y8eYe86xonOA_2yYV6xCKVL-eXaG1xEmkw&oe=69F223F1&_nc_sid=5e03e0&mms3=true
batch-1,cmnuo3rbc034dog79qsoh25mf,EMPTY_PATH,audio,https://mmg.whatsapp.net/v/t62.7117-24/597022062_2270166183512222_64439804469200132_n.enc?ccb=11-4&oh=01_Q5Aa4AEG2n9ms5qOhjhvGaNJATs4lkHTzX2nTpw3hCY7_zwfoQ&oe=69F233B0&_nc_sid=5e03e0&mms3=true
batch-1,cmnuo3rbc034eog7976d81s2k,EMPTY_PATH,audio,https://mmg.whatsapp.net/v/t62.7117-24/615255663_903461126028309_375807259634002571_n.enc?ccb=11-4&oh=01_Q5Aa4AHOGOvSn6FE6edaKjrjWhKEJ1iGqfLbmeik3TRUmJuofQ&oe=69F22B9A&_nc_sid=5e03e0&mms3=true
batch-1,cmnuo3r9802qbog79vrm1zd96,EMPTY_PATH,audio,https://mmg.whatsapp.net/v/t62.7117-24/612768004_957192843429617_1151088919425863502_n.enc?ccb=11-4&oh=01_Q5Aa4AFzNfm6aQGgtpvAiyVUWhTQY00mB7ueN3cynO-EgEHB4w&oe=69F22DE9&_nc_sid=5e03e0&mms3=true
batch-1,cmnuo3rbc0347og79t74wa2t1,EMPTY_PATH,audio,https://mmg.whatsapp.net/v/t62.7117-24/612770521_741367658944375_6943276881462170478_n.enc?ccb=11-4&oh=01_Q5Aa4AHjWXRG3CNkuAZLMIZyfaNseJO4ejHzEF4JQoebJhpO7Q&oe=69F22436&_nc_sid=5e03e0&mms3=true
batch-1,cmnuo3rbc0348og79eiuqdl60,EMPTY_PATH,audio,https://mmg.whatsapp.net/v/t62.7117-24/550064723_1259679222969060_3764784267419472412_n.enc?ccb=11-4&oh=01_Q5Aa4AFgw6BnpbQNn7WYmHQETFDaba56_4BQub4QAGgue7ON9A&oe=69F223D5&_nc_sid=5e03e0&mms3=true
batch-1,cmnuo3rbc0349og79qrtyxig2,EMPTY_PATH,audio,https://mmg.whatsapp.net/v/t62.7117-24/544605850_829483520202139_2657894730720359176_n.enc?ccb=11-4&oh=01_Q5Aa4AGXIf3pDYFCvkaivf-GqtRRiu_SxYIWu_VmL_HI8Szr6w&oe=69F217C6&_nc_sid=5e03e0&mms3=true
batch-1,cmnuo3rbc034fog798edvas1o,EMPTY_PATH,audio,https://mmg.whatsapp.net/v/t62.7117-24/546475724_825938760594443_4387064247784173830_n.enc?ccb=11-4&oh=01_Q5Aa4AGOejEDkcu9_mDC498AAQPJzL4-v7Mny17Uo6ySzd80nQ&oe=69F22357&_nc_sid=5e03e0&mms3=true
batch-1,cmnuo3rbc034aog79ds34jg37,EMPTY_PATH,audio,https://mmg.whatsapp.net/v/t62.7117-24/613372965_1090416796623236_4150572950169833131_n.enc?ccb=11-4&oh=01_Q5Aa4AGHt0m98rZcczoRwkWDh01nA2k47hQheC5PAkjBm75OLQ&oe=69F20A97&_nc_sid=5e03e0&mms3=true
batch-1,cmnuo3rbd034oog791wbdlncx,EMPTY_PATH,audio,https://mmg.whatsapp.net/v/t62.7117-24/614737642_936831278756341_4074590287467802457_n.enc?ccb=11-4&oh=01_Q5Aa4AFj06C5utZnuOnGQ2jSrp6n8XmNgVSMWZmc6OiTvomkUQ&oe=69F2245A&_nc_sid=5e03e0&mms3=true
batch-1,cmnuo3r9802qcog79s305rj87,EMPTY_PATH,audio,https://mmg.whatsapp.net/v/t62.7117-24/550088136_1632090647707859_5968573016497145852_n.enc?ccb=11-4&oh=01_Q5Aa4AG_5lqEWnziZdk8IOS7jgPza4kI5b8GCdCYZ5l9BxtSxA&oe=69F20040&_nc_sid=5e03e0&mms3=true
batch-1,cmnuo3rbc034gog798nbgjyry,EMPTY_PATH,audio,https://mmg.whatsapp.net/v/t62.7117-24/594440801_1692014181807442_4128240035384628292_n.enc?ccb=11-4&oh=01_Q5Aa4AEzlSNlUC1abJg3zKP_bo0ztyD_ZSbzc-sGVvKl7O6ctg&oe=69F208C9&_nc_sid=5e03e0&mms3=true
batch-1,cmnuo3rbc034hog79cfpc6ofm,EMPTY_PATH,audio,https://mmg.whatsapp.net/v/t62.7117-24/545076709_5271498533075891_3926182345277600525_n.enc?ccb=11-4&oh=01_Q5Aa4AEl3eUhxCyYXMYrrOuG6cXWv8rpoyhXxS_1Lnwrp_MQ9g&oe=69F21845&_nc_sid=5e03e0&mms3=true
batch-1,cmnuo3rbd034iog79i9ksanq5,EMPTY_PATH,audio,https://mmg.whatsapp.net/v/t62.7117-24/544084354_1258298413114107_2329391999346058994_n.enc?ccb=11-4&oh=01_Q5Aa4AFzak5-u-HZT05aj89rvdjlPUPpz_z4iOklf5TwLzggig&oe=69F225E2&_nc_sid=5e03e0&mms3=true
batch-1,cmnuo3rbd034jog79sukv048u,EMPTY_PATH,audio,https://mmg.whatsapp.net/v/t62.7117-24/614652779_1372955508185342_5908110860610734545_n.enc?ccb=11-4&oh=01_Q5Aa4AErvETyUdIw7obBIH1xHWZl57NQliKrf6F_yXLfX0mNvg&oe=69F1FB0C&_nc_sid=5e03e0&mms3=true
batch-1,cmnuo3rbd034kog790jlervgl,EMPTY_PATH,audio,https://mmg.whatsapp.net/v/t62.7117-24/596628985_1716542272670307_4858351648328198956_n.enc?ccb=11-4&oh=01_Q5Aa4AFPk1FntzA5ABU2HuPyjCyxjqzXGnwhk0tXjUomLQh03Q&oe=69F1F301&_nc_sid=5e03e0&mms3=true
batch-1,cmnuo3rbd034log79e4tiw1gh,EMPTY_PATH,audio,https://mmg.whatsapp.net/v/t62.7117-24/545418125_931872663225191_6100617451913204991_n.enc?ccb=11-4&oh=01_Q5Aa4AEKPpvI7ttfMLz6Uopw62iDAWUDPk_6ezyXrzdPvejXLw&oe=69F20F4D&_nc_sid=5e03e0&mms3=true
batch-1,cmnuo3rbc034bog79ct7bx5pu,EMPTY_PATH,audio,https://mmg.whatsapp.net/v/t62.7117-24/584909881_1516070836763391_6494922373649637411_n.enc?ccb=11-4&oh=01_Q5Aa4AE-Y7XvkIUAtH3TtKaezOviO4LjMVBA0lK6eKtXHtUoCw&oe=69F20399&_nc_sid=5e03e0&mms3=true
batch-1,cmnuo3rbd034pog79ynxczoei,EMPTY_PATH,audio,https://mmg.whatsapp.net/v/t62.7117-24/550281496_1420680529273353_5678812370517449315_n.enc?ccb=11-4&oh=01_Q5Aa4AGjLcpmiu4FMBh6LAiv07oZ7kHs93butk_iFO8E1a26uA&oe=69F1F7DC&_nc_sid=5e03e0&mms3=true
batch-1,cmnuo3rbd034qog79nd5rpp1s,EMPTY_PATH,audio,https://mmg.whatsapp.net/v/t62.7117-24/546299638_1271975797759412_88105304637016411_n.enc?ccb=11-4&oh=01_Q5Aa4AEyTiDxCoGd_XjF48l-B8SEfKyoeU-o-Yv6s0xLjUbHQw&oe=69F1FF0A&_nc_sid=5e03e0&mms3=true
batch-1,cmnuo3r7a01u5og79q89yd2z1,EMPTY_PATH,audio,https://mmg.whatsapp.net/v/t62.7117-24/596593587_2035396000745649_3100823200107477855_n.enc?ccb=11-4&oh=01_Q5Aa4AHue4J_iIwt9SPoEVH3Jf0VhsNaKs5zBT9rQRCcdBIImA&oe=69F21801&_nc_sid=5e03e0&mms3=true
batch-1,cmnuo3r84029yog798su6bkrx,EMPTY_PATH,audio,https://mmg.whatsapp.net/v/t62.7117-24/614736858_1322941262980377_6214164718726146180_n.enc?ccb=11-4&oh=01_Q5Aa4AFpbxtk9NIalyCP2oIpwjKQoShspkBqDoaDE9l71hQqzQ&oe=69F2113C&_nc_sid=5e03e0&mms3=true
batch-1,cmnuo3r84029zog794ij6dvx1,EMPTY_PATH,audio,https://mmg.whatsapp.net/v/t62.7117-24/612835838_2003556037250455_7825939477817096384_n.enc?ccb=11-4&oh=01_Q5Aa4AF76vK7Nb1gVq-xdOU2d-ob5M7yXRAuLbW--lp5FTFL7g&oe=69F2192B&_nc_sid=5e03e0&mms3=true
batch-1,cmnuo3r8402a0og798qunljto,EMPTY_PATH,audio,https://mmg.whatsapp.net/v/t62.7117-24/613995885_874692935596846_238036848550583278_n.enc?ccb=11-4&oh=01_Q5Aa4AF53GOeqbIDEGYTLqfZumNEK7jf_kICG96jptg6D9WVCQ&oe=69F21F94&_nc_sid=5e03e0&mms3=true
batch-1,cmnuo3r7401rdog79chg29f6u,EMPTY_PATH,image,https://mmg.whatsapp.net/v/t62.7118-24/605898072_1016840881517826_2925726801568679399_n.enc?ccb=11-4&oh=01_Q5Aa4AEEwfI5EfqfQXjXlLngoYmkFp0QPgsJM0IYzuwrGquSUQ&oe=69F20827&_nc_sid=5e03e0&mms3=true
batch-1,cmnuo3r7401rfog79p1g7esn5,EMPTY_PATH,image,https://mmg.whatsapp.net/v/t62.7118-24/545518193_1923224661673613_6006659212753070071_n.enc?ccb=11-4&oh=01_Q5Aa4AFKxiNJ6isYzenDn3jM9D2Q-gwShbyF7iMi6NzQDqT-Lg&oe=69F2083B&_nc_sid=5e03e0&mms3=true
batch-1,cmnuo3r7901ttog79lldehyjf,EMPTY_PATH,audio,https://mmg.whatsapp.net/v/t62.7114-24/548816174_3035381766662864_7200431546402255835_n.enc?ccb=11-4&oh=01_Q5Aa4AEIjM1s6CZgRwTEomJGM5rCQjsd0OlApjbsbNxAUnnILA&oe=69F1F819&_nc_sid=5e03e0&mms3=true
batch-1,cmnuo3r8502a1og79syvb8sje,EMPTY_PATH,image,https://mmg.whatsapp.net/v/t62.7118-24/543098981_26442097558719686_8045709845933228978_n.enc?ccb=11-4&oh=01_Q5Aa4AE7kBP2T9rHkkzcyeRxkbJT3Gn45pMEQvbRr7DefIGWYg&oe=69F212D8&_nc_sid=5e03e0&mms3=true
batch-1,cmnuo3r8502a2og79k0xf343r,EMPTY_PATH,image,https://mmg.whatsapp.net/v/t62.7118-24/549579490_935810612651863_7066781767028485470_n.enc?ccb=11-4&oh=01_Q5Aa4AGpkfwOwjF0WA8yJTishRXeb3NNpA2USmp-y3O_U_QKsw&oe=69F1FBC7&_nc_sid=5e03e0&mms3=true
batch-1,cmnuo3r7m01zvog79zqq2mwre,EMPTY_PATH,audio,https://mmg.whatsapp.net/v/t62.7117-24/584974740_849473170885737_1977639518883246123_n.enc?ccb=11-4&oh=01_Q5Aa4AGE89AZjSQj_W1F_hYi-s7ju_4xiIObt_8WFvLiFjPUeQ&oe=69F1E8CC&_nc_sid=5e03e0&mms3=true
batch-1,cmnuo3r9c02s1og796fo15nvl,EMPTY_PATH,image,https://mmg.whatsapp.net/v/t62.7118-24/614143983_1137393561813723_8096095980280998770_n.enc?ccb=11-4&oh=01_Q5Aa4AHhuijGRpWHK2VdqsAPpEM8mC7l_PnvXNlBQCOVkAbNRA&oe=69F1F065&_nc_sid=5e03e0&mms3=true
batch-1,cmnuo3r9o02yfog793x8wkhzj,EMPTY_PATH,audio,https://mmg.whatsapp.net/v/t62.7117-24/612011367_4460919120820301_1821439429019330390_n.enc?ccb=11-4&oh=01_Q5Aa4AHcCLusJs2T2pFrDuBetvTCCCHT9fzULG8aVWNxIWURrQ&oe=69F1C2C4&_nc_sid=5e03e0&mms3=true
batch-1,cmnuo3r7u0241og797n0f04lx,EMPTY_PATH,audio,https://mmg.whatsapp.net/v/t62.7117-24/612276385_1211294884409503_6832002909597197841_n.enc?ccb=11-4&oh=01_Q5Aa4AHIOsOBcqX5S4SD79DGJcYiiUt0fhaEVgUjGzKP_uy_Jg&oe=69F1CB9B&_nc_sid=5e03e0&mms3=true
batch-1,cmnuo3r7a01u6og79ardmu612,EMPTY_PATH,audio,https://mmg.whatsapp.net/v/t62.7117-24/546350873_2847516868928842_4266935379196659914_n.enc?ccb=11-4&oh=01_Q5Aa4AGMc-5Hu6uXSxbqpt7ZZk9AnqGiXPJtLqVc96VRyaoxIw&oe=69F172FD&_nc_sid=5e03e0&mms3=true
batch-1,cmnuo3r7a01u7og7986pjn4p2,EMPTY_PATH,audio,https://mmg.whatsapp.net/v/t62.7117-24/596370160_1238137171814864_254554005077479937_n.enc?ccb=11-4&oh=01_Q5Aa4AEV33RT4yDaUJo9JvcuzttRGpDF7OzJmhv1ZU04I19yZw&oe=69F14ECC&_nc_sid=5e03e0&mms3=true
batch-1,cmnuo3r7a01u8og79yv8rpi01,EMPTY_PATH,audio,https://mmg.whatsapp.net/v/t62.7117-24/550668855_873563309039403_487906675537565137_n.enc?ccb=11-4&oh=01_Q5Aa4AGFq3GV3Sfe0OiOpBVpZVkD-FbqqEdE4dyw8bStro7zzA&oe=69F168B8&_nc_sid=5e03e0&mms3=true
batch-1,cmnuo3r7a01u9og7928utmsor,EMPTY_PATH,audio,https://mmg.whatsapp.net/v/t62.7117-24/550462795_1605169670757974_1771915782806896771_n.enc?ccb=11-4&oh=01_Q5Aa4AFW9XM_jtZMONNq7hge7M7S9faQfE0GSiqlKg7MrMOA5Q&oe=69F13B14&_nc_sid=5e03e0&mms3=true
batch-1,cmnuo3r7a01uaog79v6aud2gw,EMPTY_PATH,audio,https://mmg.whatsapp.net/v/t62.7117-24/548829698_4575609462676770_6028823088839003263_n.enc?ccb=11-4&oh=01_Q5Aa4AEHr-4hSrOXP4SSamFShe-6so7ZYUbk7DBzV29o9UYSlA&oe=69F15450&_nc_sid=5e03e0&mms3=true
batch-1,cmnuo3r7a01ubog79c2rrf2jm,EMPTY_PATH,audio,https://mmg.whatsapp.net/v/t62.7117-24/613894984_1702328131129189_5428186322510369445_n.enc?ccb=11-4&oh=01_Q5Aa4AEKjFvI27QxdTZ9JxJFlPeycCZ0jKpAbbox6PZOVJzI8g&oe=69F16826&_nc_sid=5e03e0&mms3=true
batch-1,cmnuo3r7a01ucog79smq0kjn4,EMPTY_PATH,audio,https://mmg.whatsapp.net/v/t62.7117-24/544348963_1258223172956304_2088223203554361721_n.enc?ccb=11-4&oh=01_Q5Aa4AGDk24kH57unIi1b3ilGP2Ly04oqBWqJp1NgNIw2-D1AQ&oe=69F1532D&_nc_sid=5e03e0&mms3=true
batch-1,cmnuo3r8n02hoog796tm8y0bs,EMPTY_PATH,audio,https://mmg.whatsapp.net/v/t62.7117-24/542887224_1279105407524150_4453438871566345515_n.enc?ccb=11-4&oh=01_Q5Aa4AGUT7Qrf-bKCl68TgFvaqmueZPbNwSQIUGROlBpVEnZUA&oe=69F15C38&_nc_sid=5e03e0&mms3=true
batch-1,cmnuo3r8502a4og79l3vzit4w,EMPTY_PATH,audio,https://mmg.whatsapp.net/v/t62.7117-24/544811832_1431648938732870_696559725696526775_n.enc?ccb=11-4&oh=01_Q5Aa4AEjkJhCS1eFW5NfbjJicSAcioGVTAsvyfMd-YVrs1J6Yg&oe=69F1468D&_nc_sid=5e03e0&mms3=true
batch-1,cmnuo3r8g02f8og7945lrth2l,EMPTY_PATH,audio,https://mmg.whatsapp.net/v/t62.7117-24/609254435_976698111455607_8327332837124547672_n.enc?ccb=11-4&oh=01_Q5Aa4AHjk_vS1QBfulqj9-zJGP5f4vQkU71upQehy-IoxrkS0w&oe=69F137F6&_nc_sid=5e03e0&mms3=true
batch-1,cmnuo3r9n02xzog79ts2gmvwv,EMPTY_PATH,audio,https://mmg.whatsapp.net/v/t62.7117-24/549890702_878975528521108_4927922641054471079_n.enc?ccb=11-4&oh=01_Q5Aa4AG__7bd7mKKC0SXh1-pPZtpuYobxnljC0ZKPI6jsb5yww&oe=69F10FB3&_nc_sid=5e03e0&mms3=true
batch-1,cmnuo3r9n02y0og79uzxlw3nv,EMPTY_PATH,audio,https://mmg.whatsapp.net/v/t62.7117-24/612768251_1472514484664402_2441808985921951109_n.enc?ccb=11-4&oh=01_Q5Aa4AH_PsshEo6gU44PVqW77vY_bMpX9tJo_T3rH0ego3kdxA&oe=69F11605&_nc_sid=5e03e0&mms3=true
batch-1,cmnuo3r9o02y1og79j8rpnwax,EMPTY_PATH,image,https://mmg.whatsapp.net/v/t62.7118-24/594069673_1953564498589940_3252678225534602270_n.enc?ccb=11-4&oh=01_Q5Aa4AG3e7GKiRFSN6Yzq_NTc1tCsKDo2JPxHab52J-xOZ8bUg&oe=69F0FF71&_nc_sid=5e03e0&mms3=true
batch-1,cmnuo3r9o02y2og7903r2y530,EMPTY_PATH,image,https://mmg.whatsapp.net/v/t62.7118-24/612037064_1501849458040928_9168981508713629213_n.enc?ccb=11-4&oh=01_Q5Aa4AFxxWTpH_oP_ci8QPgOBH-1LHIRnA4KWPFUxUg24UXkvQ&oe=69F0F016&_nc_sid=5e03e0&mms3=true
batch-1,cmnuo3r7m01zwog79390nn83r,EMPTY_PATH,audio,https://mmg.whatsapp.net/v/t62.7117-24/615145036_1247319130401818_6480176118688871209_n.enc?ccb=11-4&oh=01_Q5Aa4AH0vAVLcMaoHgdcxo7SxY9e3O9C_ML9r7YKWYFbD85O_w&oe=69F0F8C5&_nc_sid=5e03e0&mms3=true
batch-1,cmnuo3r7a01udog79853o28ij,EMPTY_PATH,audio,https://mmg.whatsapp.net/v/t62.7117-24/548128419_1450845689825544_9169132878311882624_n.enc?ccb=11-4&oh=01_Q5Aa4AEO7GpLHXBUShfHLahQqvKM8F0uWJGVZs7bKp0zSYZ2OA&oe=69F0F67F&_nc_sid=5e03e0&mms3=true
batch-1,cmnuo3r9i02uuog79g6g4ycwq,EMPTY_PATH,audio,https://mmg.whatsapp.net/v/t62.7117-24/597126443_1749879935976925_1656334421961787535_n.enc?ccb=11-4&oh=01_Q5Aa4AGKlb04fcEMaa7g_XcVxGOo4BtR_TZeF799T08DizoAPQ&oe=69F0D2F9&_nc_sid=5e03e0&mms3=true
batch-1,cmnuo3r9i02uvog79yfmkbtnx,EMPTY_PATH,audio,https://mmg.whatsapp.net/v/t62.7117-24/549186659_2442562682874601_7076071957542768223_n.enc?ccb=11-4&oh=01_Q5Aa4AGR9msQpvuWdOIhsz9zEuzOyEPQ0zBXYaSqHO8yYQlI3w&oe=69F1034A&_nc_sid=5e03e0&mms3=true
batch-1,cmnuo3r9i02uwog799kizdgdt,EMPTY_PATH,audio,https://mmg.whatsapp.net/v/t62.7117-24/614637511_1458158535965466_3956129847068375985_n.enc?ccb=11-4&oh=01_Q5Aa4AGxDmiXCqWLru7pmxZMRouCF65NCb2sdcOXjE5KGzriDw&oe=69F107A2&_nc_sid=5e03e0&mms3=true
batch-1,cmnuo3r9i02uxog79sk6dxui7,EMPTY_PATH,audio,https://mmg.whatsapp.net/v/t62.7117-24/610773832_942985495202127_5904783239780325146_n.enc?ccb=11-4&oh=01_Q5Aa4AHscb_tnbtu90zFNhDVFcrhxRnuHWlYA_fe16lD5wBpBQ&oe=69F0DA79&_nc_sid=5e03e0&mms3=true
batch-1,cmnuo3r7m01zxog79o5frwhh2,EMPTY_PATH,audio,https://mmg.whatsapp.net/v/t62.7117-24/614528181_792512450600190_7104218420001849430_n.enc?ccb=11-4&oh=01_Q5Aa4AFvaw4YkgElHzMrhLhdmQhUUk0M_c4EMPvHP2BZpLuOOQ&oe=69F0D3E0&_nc_sid=5e03e0&mms3=true
batch-1,cmnuo3r7m01zyog79m0kxbd4w,EMPTY_PATH,audio,https://mmg.whatsapp.net/v/t62.7117-24/544409763_26173301172338480_1746016485462105014_n.enc?ccb=11-4&oh=01_Q5Aa4AE3KorXfi1HHGsNko_wuH-BywJ-av0HMaYJz7-NYuy4Yg&oe=69F0F610&_nc_sid=5e03e0&mms3=true
batch-1,cmnuo3r7u0242og79f5a96ap3,EMPTY_PATH,audio,https://mmg.whatsapp.net/v/t62.7117-24/549993841_794257227071068_1972553125157321928_n.enc?ccb=11-4&oh=01_Q5Aa4AGVSi53H4Rk3u5VAz53pFQ6tQcFBQ7OmUiaKyZZ__OmbQ&oe=69F0A8A9&_nc_sid=5e03e0&mms3=true
batch-1,cmnuo3r8702bcog799b8qqb9o,EMPTY_PATH,audio,https://mmg.whatsapp.net/v/t62.7117-24/544360615_3211106859068199_4054026785437845794_n.enc?ccb=11-4&oh=01_Q5Aa4AEjhks9QxrNdSdyB-dKNZMCinBy4MAlZOe3beq4LYFfBQ&oe=69F0B768&_nc_sid=5e03e0&mms3=true
batch-1,cmnuo3r7c01uzog79ngir1mzs,EMPTY_PATH,audio,https://mmg.whatsapp.net/v/t62.7117-24/594280744_1474742957562119_602580503912298918_n.enc?ccb=11-4&oh=01_Q5Aa4AEpLfsdmjWLuAGJ_W5yVZhS3UiycEkNE9ePzc4abELtYA&oe=69F0A5C9&_nc_sid=5e03e0&mms3=true
batch-1,cmnuo2dvz006iog79wtdmrd7z,EMPTY_PATH,audio,https://mmg.whatsapp.net/v/t62.7117-24/547828773_1237006968546792_2278191382759471841_n.enc?ccb=11-4&oh=01_Q5Aa4AGa0C0M2qPjMHDEmGeWu4ft9W8k9_rcAbC8nuiUHKAEYA&oe=69F0AEEA&_nc_sid=5e03e0&mms3=true
batch-1,cmnuo3r7501rhog79uwjx7zaz,EMPTY_PATH,audio,https://mmg.whatsapp.net/v/t62.7114-24/609053937_4054750621482352_4074191996244852285_n.enc?_nc_hot=1774789207&ccb=11-4&oh=01_Q5Aa4AGA9tn2E6vFZuhdhGeeCXwxo_teUVKwTR4qSjQ1NRkslA&oe=69F0A4DA&_nc_sid=5e03e0&mms3=true
batch-1,cmnuo3r7501riog79uo7ah7yl,EMPTY_PATH,image,https://mmg.whatsapp.net/v/t62.7118-24/541140667_34546343178343386_2221942713634963236_n.enc?ccb=11-4&oh=01_Q5Aa4AHbn-NvAArK5bpwKrwbyBIWK6mJuV4_DtE9y8T2DZbj0g&oe=69F07A6F&_nc_sid=5e03e0&mms3=true
batch-1,cmnuo3r7501rjog79nhik52a3,EMPTY_PATH,image,https://mmg.whatsapp.net/v/t62.7118-24/584962985_1402178608592913_1996299031449765828_n.enc?ccb=11-4&oh=01_Q5Aa4AGrYjxFXXGfeDILvGg5cWe0n8P2QSuByhu4OfqV5QqpuQ&oe=69F09FE5&_nc_sid=5e03e0&mms3=true
batch-1,cmnuo3r7501rkog795kknsyga,EMPTY_PATH,image,https://mmg.whatsapp.net/v/t62.7118-24/596929382_1208652821341657_4561660786518039421_n.enc?ccb=11-4&oh=01_Q5Aa4AGNRgmim6X_MLg8vVJqy1qMSz5HXFBd3qRWJEc51jD6VQ&oe=69F0AB8A&_nc_sid=5e03e0&mms3=true
batch-1,cmnuo3r7501rlog797g4y3k1z,EMPTY_PATH,image,https://mmg.whatsapp.net/v/t62.7118-24/543112504_1242827191166429_7015731852412450741_n.enc?ccb=11-4&oh=01_Q5Aa4AEaxkYEjqOI4EX-EbU1lgVjAXqTQm2DCoxKRaaoE6zifw&oe=69F081A8&_nc_sid=5e03e0&mms3=true
batch-1,cmnuo3r7m01zzog79bmm8yvt5,EMPTY_PATH,audio,https://mmg.whatsapp.net/v/t62.7117-24/596736185_1430704428281538_1541243391705479619_n.enc?ccb=11-4&oh=01_Q5Aa4AEcQj7o5lehZo6ZcA4-YepBDowCMTYr9N4YRuHUlHZNfQ&oe=69F0164F&_nc_sid=5e03e0&mms3=true
batch-1,cmnuo3r7m0200og79gkedm0i8,EMPTY_PATH,audio,https://mmg.whatsapp.net/v/t62.7117-24/594423613_820496427125065_1523422128490504512_n.enc?ccb=11-4&oh=01_Q5Aa4AF5AqghFsUHXjpLOovFzARmxjqY-2q8oLgD-R7rQ8qeGA&oe=69F00C82&_nc_sid=5e03e0&mms3=true
batch-1,cmnuo3r9c02s7og792dm6uezj,EMPTY_PATH,audio,https://mmg.whatsapp.net/v/t62.7117-24/550779276_1039010582627657_6600730098316422228_n.enc?ccb=11-4&oh=01_Q5Aa4AGiuWf_Qo7oexKYAcPoZy6dC70Fvq3ZmbZQeKq-0H6lHA&oe=69F00D7B&_nc_sid=5e03e0&mms3=true
batch-1,cmnuo3r7c01v0og797a3sm7z0,EMPTY_PATH,audio,https://mmg.whatsapp.net/v/t62.7117-24/545938348_833167285713198_3531677911889946946_n.enc?ccb=11-4&oh=01_Q5Aa4AHrJZDfVuhpmNMdcvw0i-3JilojhNleRCoF876wLmI8Qw&oe=69F00F8B&_nc_sid=5e03e0&mms3=true
batch-1,cmnuo3r7c01v1og7912q1xvo7,EMPTY_PATH,audio,https://mmg.whatsapp.net/v/t62.7117-24/584933604_2767649250234904_8462001686545365013_n.enc?ccb=11-4&oh=01_Q5Aa4AFTssASRoUWqULEA8tHtkVzvoJTqZxTuDnji2ePPKZSzA&oe=69EFF2C0&_nc_sid=5e03e0&mms3=true
batch-1,cmnuo3r7c01v2og796253c98y,EMPTY_PATH,audio,https://mmg.whatsapp.net/v/t62.7117-24/541803117_1819037628765868_3350985579119532889_n.enc?ccb=11-4&oh=01_Q5Aa4AENSgz3eH6jZtC6IHh4OAl1OXYHZey3uTPTGwzQTTM9Eg&oe=69F01706&_nc_sid=5e03e0&mms3=true
batch-1,cmnuo3r7u0243og796sfbzl5p,EMPTY_PATH,audio,https://mmg.whatsapp.net/v/t62.7117-24/612753381_4269697956585085_5866849037355723968_n.enc?ccb=11-4&oh=01_Q5Aa4AGD24g-2ya2BnEH0xuVdeG1pcKSi3keP8RXDjwvPeZ9tA&oe=69F00FA1&_nc_sid=5e03e0&mms3=true
batch-1,cmnuo3r7u0244og79yno90zs2,EMPTY_PATH,audio,https://mmg.whatsapp.net/v/t62.7117-24/542476687_1837204011016586_8122051834858443495_n.enc?ccb=11-4&oh=01_Q5Aa4AEyRjAE-NyVEw6sSrvzAY_JZKlAmIss8uYrsG0ZWI2NqQ&oe=69EFE35F&_nc_sid=5e03e0&mms3=true
batch-1,cmnuo3r9c02scog79dxz979o0,EMPTY_PATH,image,https://mmg.whatsapp.net/v/t62.7118-24/612316911_3501688356647407_8535880967050031964_n.enc?ccb=11-4&oh=01_Q5Aa4AFjocpfYPmOochWgCrLwrBPSdK7UdLIBzRWhmb_JakdLw&oe=69EFFC80&_nc_sid=5e03e0&mms3=true
batch-1,cmnuo3r7u0245og79zit0ahme,EMPTY_PATH,audio,https://mmg.whatsapp.net/v/t62.7117-24/585323721_34726836126962163_5256831357245155554_n.enc?ccb=11-4&oh=01_Q5Aa4AFpx1_X3pzFimuzDMteHIUBjIp5LC3gsbqbjuNOxo2nAg&oe=69F00608&_nc_sid=5e03e0&mms3=true
batch-1,cmnuo3r9c02sdog79qjgkt8r0,EMPTY_PATH,audio,https://mmg.whatsapp.net/v/t62.7117-24/585509452_1286897943381670_5655708760908777288_n.enc?ccb=11-4&oh=01_Q5Aa4AGXsojh_tOIhP9uvK1dDP6NvoADSTQsc0ml_wKGplE9uA&oe=69F00776&_nc_sid=5e03e0&mms3=true
batch-1,cmnuo3r7c01v3og79hs9pcdrw,EMPTY_PATH,audio,https://mmg.whatsapp.net/v/t62.7117-24/546092589_1750121982614149_7386053866661270127_n.enc?ccb=11-4&oh=01_Q5Aa4AHwduVCao9vCFaa60sITvw8L1-cAr1E-P9Sf8DxtLyWsA&oe=69F0035B&_nc_sid=5e03e0&mms3=true
batch-1,cmnuo3r9c02seog794nmzf51q,EMPTY_PATH,audio,https://mmg.whatsapp.net/v/t62.7117-24/549197575_929944346454368_5496800522712607929_n.enc?ccb=11-4&oh=01_Q5Aa4AFulJ64X6XDTauu-mqe3OygKwXE_OyJgWZR1ZIrIyT2zA&oe=69F005D3&_nc_sid=5e03e0&mms3=true
batch-1,cmnuo3r7u0246og798ub4kcb4,EMPTY_PATH,audio,https://mmg.whatsapp.net/v/t62.7117-24/612477740_1670582057639354_7528426039070699631_n.enc?ccb=11-4&oh=01_Q5Aa4AHDaSe-7ypxHHwTd4tWWjKULHKzqgjoiQ2_m9nolgsGNA&oe=69EFE190&_nc_sid=5e03e0&mms3=true
batch-1,cmnuo3r9c02sfog791tt48ubp,EMPTY_PATH,audio,https://mmg.whatsapp.net/v/t62.7117-24/544631939_1623827398934658_1628416453649145964_n.enc?ccb=11-4&oh=01_Q5Aa4AGHcheJ4kY4mWN4xPAU24eyozueeBwcFwmh-eR0P9g2bQ&oe=69EFE184&_nc_sid=5e03e0&mms3=true
batch-1,cmnuo3r9d02sjog79knp55sp9,EMPTY_PATH,audio,https://mmg.whatsapp.net/v/t62.7117-24/597077975_1431984158384468_8280040871718025110_n.enc?ccb=11-4&oh=01_Q5Aa4AFLvaNOEwV_7sSQskWVQOMzXtB_xjVB4nVk8O4SCouBIw&oe=69EFDE55&_nc_sid=5e03e0&mms3=true
batch-1,cmnuo3r9d02skog79g7eespxf,EMPTY_PATH,audio,https://mmg.whatsapp.net/v/t62.7117-24/545193916_946163267911314_149406706130982291_n.enc?ccb=11-4&oh=01_Q5Aa4AEhmuPMXTqFVS4CanhQJ7gx6Q3hojEHx6Hc-wD08yz0lQ&oe=69F007E9&_nc_sid=5e03e0&mms3=true
batch-1,cmnuo3r7u0247og79yachc60r,EMPTY_PATH,audio,https://mmg.whatsapp.net/v/t62.7117-24/545229913_1273785168061605_2283619779172985386_n.enc?ccb=11-4&oh=01_Q5Aa4AHl0FBnFmFaW1NGVUOSMkun-5fBhSIVVF0dBQUiOEGCOQ&oe=69EFE829&_nc_sid=5e03e0&mms3=true
batch-1,cmnuo3r7c01v4og79vvc4tkcv,EMPTY_PATH,image,https://mmg.whatsapp.net/v/t62.7118-24/615343501_971857762169575_789237826762114515_n.enc?ccb=11-4&oh=01_Q5Aa4AHBp3GHzRERc10qZz4vHw781aPdNNGOisrGhs-VXp_Atw&oe=69EFF4A3&_nc_sid=5e03e0&mms3=true
batch-1,cmnuo3r7u0248og79lsrn07yu,EMPTY_PATH,audio,https://mmg.whatsapp.net/v/t62.7117-24/597891913_2017571885495739_5981439841283074018_n.enc?ccb=11-4&oh=01_Q5Aa4AFweJpBjIpCHoLrwu0wBpJYD9-Ytao7yPCquJYpd2rz8Q&oe=69EFF3C1&_nc_sid=5e03e0&mms3=true
batch-1,cmnuo3r7c01v5og79ohx66il3,EMPTY_PATH,audio,https://mmg.whatsapp.net/v/t62.7117-24/613388586_2011096523160012_5495149900611865036_n.enc?ccb=11-4&oh=01_Q5Aa4AGISrWqx5EAZaB6ZrBF-R91A9H2uS8yzoyGZqUVn28H8g&oe=69EFEFFA&_nc_sid=5e03e0&mms3=true
batch-1,cmnuo3r9z0324og79tt3a5pnz,EMPTY_PATH,audio,https://mmg.whatsapp.net/v/t62.7117-24/544614050_953421407085054_3056663167591822636_n.enc?ccb=11-4&oh=01_Q5Aa4AHL01EqknygMV_rWLfN0-ecQJrQ983Qx4jBqvK14FSX5g&oe=69F00BA6&_nc_sid=5e03e0&mms3=true
batch-1,cmnuo3r9002moog79bfn20kqf,EMPTY_PATH,audio,https://mmg.whatsapp.net/v/t62.7117-24/549028701_1317074850484508_7043600878550095989_n.enc?ccb=11-4&oh=01_Q5Aa4AG9rROvVtLVP_i5AaQiSJlACcsqGZMCg7GL79WxLVlVBw&oe=69EFF619&_nc_sid=5e03e0&mms3=true
batch-1,cmnuo3r7u0249og790n1cq2vu,EMPTY_PATH,audio,https://mmg.whatsapp.net/v/t62.7117-24/549096729_1598441584723087_994602007979398030_n.enc?ccb=11-4&oh=01_Q5Aa4AGyFJI5aljLX0AoeDaO9U489EWTnFDUzpAX01V2JNgsvA&oe=69EFDD98&_nc_sid=5e03e0&mms3=true
batch-1,cmnuo3r7v024aog7918sb8qhn,EMPTY_PATH,audio,https://mmg.whatsapp.net/v/t62.7117-24/548783401_1595996941685985_1688433049313804481_n.enc?ccb=11-4&oh=01_Q5Aa4AHlhSbUEMxWmkxLpJvduoZLGi311Y8ux4R_ljYBq49Z3g&oe=69EFE762&_nc_sid=5e03e0&mms3=true
batch-1,cmnuo3r7v024bog79r8p09hl7,EMPTY_PATH,audio,https://mmg.whatsapp.net/v/t62.7117-24/544639219_1631102764894724_6414699484395978070_n.enc?ccb=11-4&oh=01_Q5Aa4AF1d9AQxXVfOyzfXxUkAh9U2VUgwBoK08NSpdYVWG8kLw&oe=69EFFBF2&_nc_sid=5e03e0&mms3=true
batch-1,cmnuo3r8h02f9og79itxc0uid,EMPTY_PATH,audio,https://mmg.whatsapp.net/v/t62.7117-24/549222906_1103105881992527_2063444403617892156_n.enc?ccb=11-4&oh=01_Q5Aa4AGbSEs8aH4YhXsZ7Gp0tUe45bSiQiNYIFlJy-Mq66gkew&oe=69F0049E&_nc_sid=5e03e0&mms3=true
batch-1,cmnuo3r7v024cog79lijas0m5,EMPTY_PATH,audio,https://mmg.whatsapp.net/v/t62.7117-24/616344249_1214701747404074_939274208043676268_n.enc?ccb=11-4&oh=01_Q5Aa4AHeacfHfT8fliKSnwio3kKcKbR7czJkFR6cPYJg4_D3nQ&oe=69EFF63F&_nc_sid=5e03e0&mms3=true
batch-1,cmnuo3r6z01ooog79sm51mwiz,EMPTY_PATH,audio,https://mmg.whatsapp.net/v/t62.7117-24/562365132_1877181162952159_6632161333796496760_n.enc?ccb=11-4&oh=01_Q5Aa4AGG_zMluI5wXaCugkDGT3jFq8mwTOpoJ2TkBn_ZqicVkw&oe=69EFEABD&_nc_sid=5e03e0&mms3=true
batch-1,cmnuo3r6z01opog791k0hpsve,EMPTY_PATH,audio,https://mmg.whatsapp.net/v/t62.7117-24/540972047_1221803069726853_4891498081473217489_n.enc?ccb=11-4&oh=01_Q5Aa4AHyNcp8rkFPjyeXzdtRp4bKeLbJqBTFBMuvQdwXxsU3IQ&oe=69F002A5&_nc_sid=5e03e0&mms3=true
batch-1,cmnuo3r6z01oqog79w9lzk2sl,EMPTY_PATH,audio,https://mmg.whatsapp.net/v/t62.7117-24/546244369_1260780446161182_3846244025023146687_n.enc?ccb=11-4&oh=01_Q5Aa4AHuKIIdnfRuLMess-r_4Is1jNjwBHLaHwBde9axn46f6g&oe=69EFD526&_nc_sid=5e03e0&mms3=true
batch-1,cmnuo3r6z01orog79tphrvt04,EMPTY_PATH,audio,https://mmg.whatsapp.net/v/t62.7117-24/544851785_925374290136036_465493846486872317_n.enc?ccb=11-4&oh=01_Q5Aa4AFFigh1hlVj2azkbUUr9plm6b50uu1yALa34cwsrfeCdQ&oe=69EFD0E7&_nc_sid=5e03e0&mms3=true
batch-1,cmnuo3r7v024dog7940455dcg,EMPTY_PATH,audio,https://mmg.whatsapp.net/v/t62.7117-24/549184262_1657420111940407_5704593704924581813_n.enc?ccb=11-4&oh=01_Q5Aa4AHcHp2bXZ9Y-b_DiVs31elwQsfncN3Y0DvfqUOBIFCbCw&oe=69EFF020&_nc_sid=5e03e0&mms3=true
batch-1,cmnuo3r9002mpog79h9ua9ysb,EMPTY_PATH,audio,https://mmg.whatsapp.net/v/t62.7117-24/610348377_697326003439025_2352747767036444542_n.enc?ccb=11-4&oh=01_Q5Aa4AGKp_QIf3qTc0AGUQFVumdSWIxN4eCvcwC1INymRcb4Fw&oe=69EFFCE8&_nc_sid=5e03e0&mms3=true
batch-1,cmnuo3r9002mqog79c09yamtc,EMPTY_PATH,audio,https://mmg.whatsapp.net/v/t62.7117-24/612765769_2448871278950086_1993407905481776783_n.enc?ccb=11-4&oh=01_Q5Aa4AGqr6CmbtWRI21_Vp4i9ei8ln7pdcVKpA6FR8t0508i-A&oe=69EFD40A&_nc_sid=5e03e0&mms3=true
batch-1,cmnuo3r9z0325og79oip6z33q,EMPTY_PATH,audio,https://mmg.whatsapp.net/v/t62.7117-24/609123622_1881526529266786_674508391933442311_n.enc?ccb=11-4&oh=01_Q5Aa4AFITPgb8O9Jrhqa5330g2TT1UvcsA_CC7jspQ-XzHTh5Q&oe=69EFF1DE&_nc_sid=5e03e0&mms3=true
batch-1,cmnuo3r9z0326og79zhu8qmr0,EMPTY_PATH,audio,https://mmg.whatsapp.net/v/t62.7117-24/594484146_1754511258844573_1935357869604871097_n.enc?ccb=11-4&oh=01_Q5Aa4AHqPae5HNjPQBL7cZVtNHuUK5YD8_Ws0ZAcWCfsEukX2w&oe=69EFEF7A&_nc_sid=5e03e0&mms3=true
batch-1,cmnuo3r9z0327og79ei1exhw2,EMPTY_PATH,audio,https://mmg.whatsapp.net/v/t62.7117-24/606044582_2760704987616718_8781771100094319147_n.enc?ccb=11-4&oh=01_Q5Aa4AFchT-EjAoK85n8UG2J5s-BhfGJoAAzz_e6ei61_i68cA&oe=69EFF9A3&_nc_sid=5e03e0&mms3=true
batch-1,cmnuo3r7m0201og794ik4671c,EMPTY_PATH,audio,https://mmg.whatsapp.net/v/t62.7117-24/544396108_951639640678065_3470246737607985573_n.enc?ccb=11-4&oh=01_Q5Aa4AEz-WA2razPhmIwqUi6_3P8fO1H6C71zPF5x6ti1RG_JA&oe=69EFF79E&_nc_sid=5e03e0&mms3=true
batch-1,cmnuo3r9302obog79b4dnryer,EMPTY_PATH,audio,https://mmg.whatsapp.net/v/t62.7117-24/612423121_1426105192099452_9072581532424685555_n.enc?ccb=11-4&oh=01_Q5Aa4AE-JsVH_aN2sFcvjU8_1TY97mF8MbFXNy0MeKmJ47tNnA&oe=69EFE54D&_nc_sid=5e03e0&mms3=true
batch-1,cmnuo3r9o02y3og79dteqckxa,EMPTY_PATH,audio,https://mmg.whatsapp.net/v/t62.7117-24/584983208_946921008087295_2762770350043619359_n.enc?ccb=11-4&oh=01_Q5Aa4AGfHlY3JIMytzk73_QZ-TcX1-LnytpSO8MPNTCdmO7NFA&oe=69EFB181&_nc_sid=5e03e0&mms3=true
batch-1,cmnuo3r9302ocog79lxvwnpv0,EMPTY_PATH,audio,https://mmg.whatsapp.net/v/t62.7117-24/612772041_1455409762903584_6614649778805963014_n.enc?ccb=11-4&oh=01_Q5Aa4AG9j4R54IkG-1hv0J-Tp7vSg5_ocidSnc-5yFeYRYakYQ&oe=69EFB9C6&_nc_sid=5e03e0&mms3=true
batch-1,cmnuo3r9402odog79g319ho6q,EMPTY_PATH,audio,https://mmg.whatsapp.net/v/t62.7117-24/544833158_899844296382088_7414766480999450723_n.enc?ccb=11-4&oh=01_Q5Aa4AGFWph4hjKz1_JcyOesN7nHVIZshngKYu81vRY9_JTbVw&oe=69EFD67C&_nc_sid=5e03e0&mms3=true
batch-1,cmnuo3r9o02y5og79iiipysmq,EMPTY_PATH,audio,https://mmg.whatsapp.net/v/t62.7117-24/616142649_725906183845940_8509715333721441024_n.enc?ccb=11-4&oh=01_Q5Aa4AHUtq45pfBn0WUdxT6T4Hf0MxGsjLsED4cT5YqKBbzufw&oe=69EFD13C&_nc_sid=5e03e0&mms3=true
batch-1,cmnuo3r9402ofog7900ap81sy,EMPTY_PATH,audio,https://mmg.whatsapp.net/v/t62.7117-24/597397092_1582451509709517_5014150033475879476_n.enc?ccb=11-4&oh=01_Q5Aa4AHAHXFEm3a5kOL5ZsuKRvXzOc5nr9NUbRacywUcIRlG2w&oe=69EFBE15&_nc_sid=5e03e0&mms3=true
batch-1,cmnuo3r9402ogog79sswp4q30,EMPTY_PATH,audio,https://mmg.whatsapp.net/v/t62.7117-24/546292502_1459307608904414_9081664213816751278_n.enc?ccb=11-4&oh=01_Q5Aa4AGOBFOEMIDTxBt1cBH0j13vbFhaHWEdcFU2CNw8rt1Mhg&oe=69EFB7C0&_nc_sid=5e03e0&mms3=true
batch-1,cmnuo3r9o02y8og79ypuvsaao,EMPTY_PATH,audio,https://mmg.whatsapp.net/v/t62.7117-24/609544036_1200325878847085_1250826860043915992_n.enc?ccb=11-4&oh=01_Q5Aa4AFANn0LbPEoZqDhAt2e094Bnos_D_KagZ4nV2rvUApMVg&oe=69EFD413&_nc_sid=5e03e0&mms3=true
batch-1,cmnuo3r7m0202og79giup641u,EMPTY_PATH,audio,https://mmg.whatsapp.net/v/t62.7117-24/542341496_2890113264663317_8079216997586062299_n.enc?ccb=11-4&oh=01_Q5Aa4AEs2tc2wvxXUFx2B9tvXXu5AvubibrTf6LZXCQtPuMO2w&oe=69EFB843&_nc_sid=5e03e0&mms3=true
batch-1,cmnuo3r7m0203og790buhbe18,EMPTY_PATH,audio,https://mmg.whatsapp.net/v/t62.7117-24/613795196_3088386031350893_8551421994154824383_n.enc?ccb=11-4&oh=01_Q5Aa4AFvYYRPN7Wq9shWMBXbugDYZdD2sAH7z6_aNbTcgvJxyw&oe=69EFA950&_nc_sid=5e03e0&mms3=true
batch-1,cmnuo3r9k02w4og79b5ubhegx,EMPTY_PATH,audio,https://mmg.whatsapp.net/v/t62.7117-24/545552626_2369717136847275_5055781006368337486_n.enc?ccb=11-4&oh=01_Q5Aa4AEM3KuSlK9dGgm7WzMso4w3IvGs-tNJI4zIeFjGGhgDfQ&oe=69EFAFAD&_nc_sid=5e03e0&mms3=true
batch-1,cmnuo3r6z01osog79enimp2fe,EMPTY_PATH,audio,https://mmg.whatsapp.net/v/t62.7117-24/609863955_1258031569642335_5212880606634094209_n.enc?ccb=11-4&oh=01_Q5Aa4AHmVAktI3X9buMiG6PPR81ioWYvbK_XMYsAPVwvDctlIw&oe=69EFA8CE&_nc_sid=5e03e0&mms3=true
batch-1,cmnuo3r7m0204og79mpqt34f4,EMPTY_PATH,audio,https://mmg.whatsapp.net/v/t62.7117-24/544610536_1245451971103423_8567229438535271819_n.enc?ccb=11-4&oh=01_Q5Aa4AHxs52Z3qe3vXcY-Vz4Bg9wWrd4fjIKkj_vFQ5b1B5rFQ&oe=69EF88FA&_nc_sid=5e03e0&mms3=true
batch-1,cmnuo3r9z0328og79oq0k8lix,EMPTY_PATH,audio,https://mmg.whatsapp.net/v/t62.7117-24/549326423_1501997828190651_1975987180483409558_n.enc?ccb=11-4&oh=01_Q5Aa4AH8rruNuBivu0QC1RLvwWgGayNI-cqGBtTYb7AVajRIjw&oe=69EF814F&_nc_sid=5e03e0&mms3=true
batch-1,cmnuo3r9z0329og797s8h9det,EMPTY_PATH,audio,https://mmg.whatsapp.net/v/t62.7117-24/548354201_970784458966637_4264057513945844295_n.enc?ccb=11-4&oh=01_Q5Aa4AEqeiPxzvWe6_-57MkZ4A4zI12SlG452DcMsk75HV5QMQ&oe=69EF9D2E&_nc_sid=5e03e0&mms3=true
batch-1,cmnuo3r9002mrog79pr266yjt,EMPTY_PATH,audio,https://mmg.whatsapp.net/v/t62.7117-24/550896852_1510005084078014_2974007467121826172_n.enc?ccb=11-4&oh=01_Q5Aa4AFsPo3jUjKgqlAIX40Za3ODYoYwPSLDDv4nvSmJ3uY9Lw&oe=69EFA80C&_nc_sid=5e03e0&mms3=true
batch-1,cmnuo3r6z01otog794l56jdp8,EMPTY_PATH,audio,https://mmg.whatsapp.net/v/t62.7117-24/612766526_1970815516877058_7702227891504508851_n.enc?ccb=11-4&oh=01_Q5Aa4AHLfyBSf15m9ZDpgaUf-APVbVNS9HOqbLzVBZBxDcIsMw&oe=69EF8901&_nc_sid=5e03e0&mms3=true
batch-1,cmnuo3r6z01ouog79piu6ydbz,EMPTY_PATH,audio,https://mmg.whatsapp.net/v/t62.7117-24/612482750_3946805585619952_5038138501979499024_n.enc?ccb=11-4&oh=01_Q5Aa4AFyUo4gGJZpgSwFwn4zkcz-upyJ6vC7KrtvwYynqtAtYw&oe=69EF7EFC&_nc_sid=5e03e0&mms3=true
batch-1,cmnuo3r6z01ovog79z8eew8tb,EMPTY_PATH,audio,https://mmg.whatsapp.net/v/t62.7117-24/544619122_1991009874962491_8259331436692051083_n.enc?ccb=11-4&oh=01_Q5Aa4AFgDBs0IMZVihpO9xLqLJS2rr88aI1jK0FPiSRY6nUqWg&oe=69EF70B4&_nc_sid=5e03e0&mms3=true
batch-1,cmnuo3r9002mtog79fd57vk7w,EMPTY_PATH,audio,https://mmg.whatsapp.net/v/t62.7117-24/613808706_1232821211940097_1418900924309421712_n.enc?ccb=11-4&oh=01_Q5Aa4AGqQ1r0kSvhWf2cdAe6fZrT8umFGU8cnT2ay3SBRbU6vg&oe=69EF6CAB&_nc_sid=5e03e0&mms3=true
batch-1,cmnuo3r9z032aog79w92lvr5f,EMPTY_PATH,audio,https://mmg.whatsapp.net/v/t62.7117-24/612037058_1271398264935121_8313309642592560315_n.enc?ccb=11-4&oh=01_Q5Aa4AEB7n5LUkbl8kVUcAZxDSauyL98cp9lyEac2EpqkZscDw&oe=69EF6C0A&_nc_sid=5e03e0&mms3=true
batch-1,cmnuo3r7m0205og79fkxuytvf,EMPTY_PATH,audio,https://mmg.whatsapp.net/v/t62.7117-24/549255683_1670474847321390_5448396465963877484_n.enc?ccb=11-4&oh=01_Q5Aa4AHfpn1-SgIVQO7ZI-f9tPb_o1O3j6_3ZB7qHEytBNfwWQ&oe=69EF984F&_nc_sid=5e03e0&mms3=true
batch-1,cmnuo3r6x01nfog79suxeckwq,EMPTY_PATH,audio,https://mmg.whatsapp.net/v/t62.7117-24/584564964_1464299781740634_5954363462845305996_n.enc?ccb=11-4&oh=01_Q5Aa4AGTi7QHAHUUXavG_spL8JNfQ7VeGPciHRNDbvSaxP1hcQ&oe=69EF7D0D&_nc_sid=5e03e0&mms3=true
batch-1,cmnuo3r6z01owog79mvu007bt,EMPTY_PATH,audio,https://mmg.whatsapp.net/v/t62.7117-24/549587227_2509471089469365_8689351153292309762_n.enc?ccb=11-4&oh=01_Q5Aa4AGQjskpk3LnVzXRbJwuQtubU_MR1FNo0D31e2y5GFweHQ&oe=69EF77BF&_nc_sid=5e03e0&mms3=true
batch-1,cmnuo3r8l02h2og79t16bixtu,EMPTY_PATH,audio,https://mmg.whatsapp.net/v/t62.7117-24/550175341_1554254996709300_6239731331429532658_n.enc?ccb=11-4&oh=01_Q5Aa4AE8JO3iBUhh_jzG76gNscfleysLVQihynJDveORJ2dp4w&oe=69EF6C38&_nc_sid=5e03e0&mms3=true
batch-1,cmnuo3r7501rnog79r9229rr7,EMPTY_PATH,audio,https://mmg.whatsapp.net/v/t62.7114-24/610127195_2447757192311123_4839296504257785887_n.enc?_nc_hot=1774709810&ccb=11-4&oh=01_Q5Aa4AGCjWiWZ3-heXuA3YQwSZuU2uxgJWI_aQeGGfDPnfynSg&oe=69EF4F89&_nc_sid=5e03e0&mms3=true
batch-1,cmnuo3r7501roog79i57zxdfy,EMPTY_PATH,image,https://mmg.whatsapp.net/v/t62.7118-24/545249837_2017538775779623_8645260262099919262_n.enc?ccb=11-4&oh=01_Q5Aa4AGpIqas5YXMjxaxGw0QQBeiPl1B5ma02uU4kqsRTr_bYw&oe=69EF635A&_nc_sid=5e03e0&mms3=true
batch-1,cmnuo3r7501rpog79ehi2mdbk,EMPTY_PATH,image,https://mmg.whatsapp.net/v/t62.7118-24/549927820_952295523850908_3106924908229015200_n.enc?ccb=11-4&oh=01_Q5Aa4AGC0o1VStTfj7kQof68M74XYkMMgD1Ztl7gWd1g9u2T6Q&oe=69EF4131&_nc_sid=5e03e0&mms3=true
batch-1,cmnuo3r7501rrog79yxak60ho,EMPTY_PATH,image,https://mmg.whatsapp.net/v/t62.7118-24/606179154_1262620899269637_8905707025391062208_n.enc?ccb=11-4&oh=01_Q5Aa4AFsQk45Sp2cKO8uavtLhbcLpGyN3uE3vcywPC3WxSxJGw&oe=69EF4FFE&_nc_sid=5e03e0&mms3=true
batch-1,cmnuo3r7501rqog79anwd5puo,EMPTY_PATH,image,https://mmg.whatsapp.net/v/t62.7118-24/545352972_1439252587306285_1784834071639630366_n.enc?ccb=11-4&oh=01_Q5Aa4AH7rnW4kzmCUhf_O0Gyi5Cq-17yT0IJn1sd0vLRRm9pJQ&oe=69EF5DBF&_nc_sid=5e03e0&mms3=true
batch-1,cmnuo3r8802bdog79bdp4ttzg,EMPTY_PATH,audio,https://mmg.whatsapp.net/v/t62.7117-24/544611293_1468553474961430_6645488675260981561_n.enc?ccb=11-4&oh=01_Q5Aa4AHdR5salrKsz77OydLCrZvjsJ9Fsonbz_ulqd0kDfgc_w&oe=69EF4039&_nc_sid=5e03e0&mms3=true
batch-1,cmnuo3r8t02joog79sp4fn4kv,EMPTY_PATH,audio,https://mmg.whatsapp.net/v/t62.7117-24/549229251_2149381629181195_5287947489286239796_n.enc?ccb=11-4&oh=01_Q5Aa4AETd3f7acd9VTS-BuGuiJFpC0M1Rn0-iwX1NttXBunbDg&oe=69EF164F&_nc_sid=5e03e0&mms3=true
batch-1,cmnuo3r7901tuog79o20x242h,EMPTY_PATH,audio,https://mmg.whatsapp.net/v/t62.7117-24/585505869_963342072882114_8787261859780346412_n.enc?ccb=11-4&oh=01_Q5Aa4AHfR-Nn2MkbIuKk_AFUX2G2qNneBPN6gFCnh6tyr7oN4g&oe=69EEB3F3&_nc_sid=5e03e0&mms3=true
batch-1,cmnuo3r8v02kmog79bugbcitu,EMPTY_PATH,audio,https://mmg.whatsapp.net/v/t62.7117-24/545967110_1444945890505240_983279591286386773_n.enc?ccb=11-4&oh=01_Q5Aa4AGyFeBUYoamB_D9UZSp0GXzUNciYwSJtC9hDquzeKjWhw&oe=69EEB566&_nc_sid=5e03e0&mms3=true
batch-1,cmnuo3r8v02knog794fi1lvay,EMPTY_PATH,audio,https://mmg.whatsapp.net/v/t62.7117-24/548138130_4521427011512545_9028873358113966621_n.enc?ccb=11-4&oh=01_Q5Aa4AHXB62CMhFn_ajXtxV8-T8NJ9wBIJy5oYvWgTuO5xwt5A&oe=69EEA1C4&_nc_sid=5e03e0&mms3=true
batch-1,cmnuo3r7m0206og79sqlizzrm,EMPTY_PATH,audio,https://mmg.whatsapp.net/v/t62.7117-24/612451531_1706890487366778_2254708935998189412_n.enc?ccb=11-4&oh=01_Q5Aa4AHSIYMi8Ri90cgQPu8D-y6cXPHv9sZT2kZmCtB24Mjwkw&oe=69EEB6EF&_nc_sid=5e03e0&mms3=true
batch-1,cmnuo3r9t030iog79zh7bilum,EMPTY_PATH,audio,https://mmg.whatsapp.net/v/t62.7117-24/542662857_3973953866228144_5223056381606925757_n.enc?ccb=11-4&oh=01_Q5Aa4AF16G_cj5xWsRoB4Ye2hEUe-LfhsBILsLTEUxGERUkiMg&oe=69EE90C4&_nc_sid=5e03e0&mms3=true
batch-1,cmnuo3r7v024eog79zqjjcnnh,EMPTY_PATH,audio,https://mmg.whatsapp.net/v/t62.7117-24/615290338_3021482751394314_4692056280166163745_n.enc?ccb=11-4&oh=01_Q5Aa4AGjRljnzlklVYYkqwUsHZKbYlh_FbXsIGFKNQSGx3M0RA&oe=69EE82B4&_nc_sid=5e03e0&mms3=true
batch-1,cmnuo3r7v024fog79il1z57v4,EMPTY_PATH,image,https://mmg.whatsapp.net/v/t62.7118-24/565499595_1545442146939836_4912154189204363609_n.enc?ccb=11-4&oh=01_Q5Aa4AH-2On4dUrd0LKCtXfVlqSvaUqzmUYX_tHKVgFh_7gr5g&oe=69EE8408&_nc_sid=5e03e0&mms3=true
batch-1,cmnuo3r9802qdog79ia6r8u8w,EMPTY_PATH,audio,https://mmg.whatsapp.net/v/t62.7117-24/612770878_947209791579432_4697774907391322238_n.enc?ccb=11-4&oh=01_Q5Aa4AHKZ0q69VTE02cUrwNWuywZ9g0iiisXo8-ap10I9grmeg&oe=69EE6482&_nc_sid=5e03e0&mms3=true
batch-1,cmnuo3r9802qeog79rbc0qmyk,EMPTY_PATH,audio,https://mmg.whatsapp.net/v/t62.7117-24/613005188_999536589164532_98851769117533921_n.enc?ccb=11-4&oh=01_Q5Aa4AHWKOuJOXlozRH0kzYli6SpokafuOJ2SLSP8UGni1gbbw&oe=69EE76CC&_nc_sid=5e03e0&mms3=true
batch-1,cmnuo3rbt037cog79w2yfitlb,EMPTY_PATH,audio,https://mmg.whatsapp.net/v/t62.7117-24/613355403_1261553599361378_496499511123354198_n.enc?ccb=11-4&oh=01_Q5Aa4AHW_Y-FVk3BzjwvYFFTVf2P773cieMUl53NtaEonjM6mQ&oe=69EE5E64&_nc_sid=5e03e0&mms3=true
batch-1,cmnuo3r7v024gog795qa4ktf8,EMPTY_PATH,audio,https://mmg.whatsapp.net/v/t62.7117-24/550451184_3474415742697958_7783191703097486724_n.enc?ccb=11-4&oh=01_Q5Aa4AH_SZw4Plpt9Cp3x8VlQNdzk14sMfDuREUA-r54qpw85A&oe=69EE8413&_nc_sid=5e03e0&mms3=true
batch-1,cmnuo3r6z01oxog79mljcqxi0,EMPTY_PATH,audio,https://mmg.whatsapp.net/v/t62.7117-24/541191739_974937965213499_69151836191378822_n.enc?ccb=11-4&oh=01_Q5Aa4AH5WkslVlQeBATvPyS_M61SXeSt-hBev0wyRqikfKd6IA&oe=69EE62F3&_nc_sid=5e03e0&mms3=true
batch-1,cmnuo3r6z01oyog79wqj4eify,EMPTY_PATH,audio,https://mmg.whatsapp.net/v/t62.7117-24/606251160_1495551258902098_428825059168836929_n.enc?ccb=11-4&oh=01_Q5Aa4AHMn4Zrapfi5dybE5QpNzN-QuLstRO7RSRBh1i_UniCZg&oe=69EE5004&_nc_sid=5e03e0&mms3=true
batch-1,cmnuo3r6z01ozog79wqwlso0b,EMPTY_PATH,audio,https://mmg.whatsapp.net/v/t62.7117-24/544581644_1998766021021492_132372667146788312_n.enc?ccb=11-4&oh=01_Q5Aa4AG6Fco_5GKOZ60BHvIoyAgXdXSrzWa22-PNFap56s5FFQ&oe=69EE6DE7&_nc_sid=5e03e0&mms3=true
batch-1,cmnuo3r6z01p0og79gcikjuej,EMPTY_PATH,audio,https://mmg.whatsapp.net/v/t62.7117-24/548380453_1431353062077425_5263514271390255766_n.enc?ccb=11-4&oh=01_Q5Aa4AHNB89tkb8yi9LqTYZkHs3eWRwa78aKS5PItJWPQmxnYg&oe=69EE5D0B&_nc_sid=5e03e0&mms3=true
batch-1,cmnuo3r7001p1og7952wt93tx,EMPTY_PATH,audio,https://mmg.whatsapp.net/v/t62.7117-24/614228323_1415559206987948_1213432218169521910_n.enc?ccb=11-4&oh=01_Q5Aa4AEPJUy8Vhs_WN3NicydlTovpcZrv5VltmMRuZ-UWNhzlQ&oe=69EE78E4&_nc_sid=5e03e0&mms3=true
batch-1,cmnuo3r7001p2og79cwncrtjv,EMPTY_PATH,audio,https://mmg.whatsapp.net/v/t62.7117-24/541986555_1175106087901336_8425786219237971626_n.enc?ccb=11-4&oh=01_Q5Aa4AELb6el2T0G0HBIeecNNpQ0OST1DDwhvoRGOp27_IMCJQ&oe=69EE6BD0&_nc_sid=5e03e0&mms3=true
batch-1,cmnuo3r8502a5og79pqdpvd23,EMPTY_PATH,audio,https://mmg.whatsapp.net/v/t62.7117-24/549520919_1581730252906168_6355753755307005874_n.enc?ccb=11-4&oh=01_Q5Aa4AE6-gyV0NOZNHLpdjCa9JIVDGt7NofXZBEjIYCmcEn9sQ&oe=69EE78AD&_nc_sid=5e03e0&mms3=true
batch-1,cmnuo3r8502a6og79ekjjg90h,EMPTY_PATH,audio,https://mmg.whatsapp.net/v/t62.7117-24/597775253_2350899755337263_3668651539795836357_n.enc?ccb=11-4&oh=01_Q5Aa4AGPwzN2-BuIA2iTcTJTwZ8sYH2CcX2FG_aT4VjBzORWaA&oe=69EE45D6&_nc_sid=5e03e0&mms3=true
batch-1,cmnuo3rbz037yog79dwhi9r10,EMPTY_PATH,audio,https://mmg.whatsapp.net/v/t62.7117-24/610834008_1496353808802194_417389067715015813_n.enc?ccb=11-4&oh=01_Q5Aa4AFNOfLj3APRHPBbwhtjZw3JUjL99DzKoX9G7iKCfICzhA&oe=69EE73A4&_nc_sid=5e03e0&mms3=true
batch-1,cmnuo3r8502a7og799v8ckp65,EMPTY_PATH,audio,https://mmg.whatsapp.net/v/t62.7117-24/543987852_941399394963462_29418377031625704_n.enc?ccb=11-4&oh=01_Q5Aa4AFjrrm3tnj3yp9AomGTF05nAObTelMGh9-1oVy0mlqV5w&oe=69EE5133&_nc_sid=5e03e0&mms3=true
batch-1,cmnuo3r8502a8og79qar58ntn,EMPTY_PATH,audio,https://mmg.whatsapp.net/v/t62.7117-24/614719901_1511018590600109_3596846916475019898_n.enc?ccb=11-4&oh=01_Q5Aa4AFDNXRrNB_gx6rFt0l-txRmeysgg48T4ljRzZQifEdxFw&oe=69EE50F0&_nc_sid=5e03e0&mms3=true
batch-1,cmnuo3rbz037zog79r24swc6y,EMPTY_PATH,audio,https://mmg.whatsapp.net/v/t62.7117-24/542422843_1273859168043581_2236127315716541822_n.enc?ccb=11-4&oh=01_Q5Aa4AF3Z5K15jKq4uQrXvJFYEBqAg7uuSDCfFAieba6Suut1w&oe=69EE2FE4&_nc_sid=5e03e0&mms3=true
batch-1,cmnuo3r8502a9og7959faq13m,EMPTY_PATH,audio,https://mmg.whatsapp.net/v/t62.7117-24/612771347_882676504797092_3665658638912425289_n.enc?ccb=11-4&oh=01_Q5Aa4AEM90afA-191B8IIn4XONpAVTMNA5sK-2nW9IyUFG4sFA&oe=69EE45BB&_nc_sid=5e03e0&mms3=true
batch-1,cmnuo3r7v024hog79xc0bvv8b,EMPTY_PATH,audio,https://mmg.whatsapp.net/v/t62.7117-24/597853730_1970803540214990_3572241890892854280_n.enc?ccb=11-4&oh=01_Q5Aa4AFQAbqdLL-Xz9cxvJB65UhMNHUUKLlIjRGKlOLJ7QXZNQ&oe=69EE37A7&_nc_sid=5e03e0&mms3=true
batch-1,cmnuo3r7001p3og79k40i38i3,EMPTY_PATH,audio,https://mmg.whatsapp.net/v/t62.7117-24/597687187_950487234295016_284661979049176752_n.enc?ccb=11-4&oh=01_Q5Aa4AHK7aPN0tP14EAyKFWP2qdVutKfvYlGWJx8n86K33Mf-g&oe=69EE401B&_nc_sid=5e03e0&mms3=true
batch-1,cmnuo3r7001p4og79w5qvqjum,EMPTY_PATH,audio,https://mmg.whatsapp.net/v/t62.7117-24/614792613_994450583247852_1124273858672442433_n.enc?ccb=11-4&oh=01_Q5Aa4AFrxHz_q28IHynOPHkCZA4na99YmyhQ8R_qGqNNhFljNA&oe=69EE1317&_nc_sid=5e03e0&mms3=true
batch-1,cmnuo3r7001p5og79gaca9yb3,EMPTY_PATH,audio,https://mmg.whatsapp.net/v/t62.7117-24/549560469_2814214615599156_2556611836898376763_n.enc?ccb=11-4&oh=01_Q5Aa4AGW74ByAWvP3q2NXBIotT5qS-7ISSaHLE-ZKaq1FF_rTA&oe=69EE10F2&_nc_sid=5e03e0&mms3=true
batch-1,cmnuo3r8802beog79e5n8cog8,EMPTY_PATH,audio,https://mmg.whatsapp.net/v/t62.7117-24/615260126_1598684551247517_4464687921785674629_n.enc?ccb=11-4&oh=01_Q5Aa4AFVJsmK27TepEhxSGkiHETIM2WzOoEZUw8dP_Rwwbvolw&oe=69EE15AC&_nc_sid=5e03e0&mms3=true
batch-1,cmnuo3r8802bfog79gadp8dtf,EMPTY_PATH,image,https://mmg.whatsapp.net/v/t62.7118-24/614765699_1333320505303309_3069756477154732221_n.enc?ccb=11-4&oh=01_Q5Aa4AEb8mXp094FlGkvglFpg_HRbMYfOqj4Ew28faKIQbtWtA&oe=69EE10F3&_nc_sid=5e03e0&mms3=true
batch-1,cmnuo3r7m0207og79bk22auko,EMPTY_PATH,audio,https://mmg.whatsapp.net/v/t62.7117-24/551104486_2372123293280271_4393703583343163366_n.enc?ccb=11-4&oh=01_Q5Aa4AF00OVDza3Ra58-aGVn7W5m9k-vX3ZfYVKYTiw3hhA9-w&oe=69EE2535&_nc_sid=5e03e0&mms3=true
batch-1,cmnuo3r7m0208og796sz2byzu,EMPTY_PATH,audio,https://mmg.whatsapp.net/v/t62.7117-24/594031908_2074574063112129_8362481735759507103_n.enc?ccb=11-4&oh=01_Q5Aa4AHX3lbL39CkTeHdiXe32NT5li9qTVzmJS-ZdjIlLg2SZQ&oe=69EE1AEF&_nc_sid=5e03e0&mms3=true
batch-1,cmnuo3r7v024iog798z130o5b,EMPTY_PATH,audio,https://mmg.whatsapp.net/v/t62.7117-24/557542359_829965152719827_1911056109582887313_n.enc?ccb=11-4&oh=01_Q5Aa4AHWEi3lPCvFsyR0zetvI6nAbaYW9Mm7IaZfuSoedpJwEw&oe=69EE2F1A&_nc_sid=5e03e0&mms3=true
batch-1,cmnuo3r7001p6og79bhdepaf2,EMPTY_PATH,audio,https://mmg.whatsapp.net/v/t62.7117-24/596948712_1263957142509049_26289904720272907_n.enc?ccb=11-4&oh=01_Q5Aa4AE6RgJpLxekInvJs6xpPmSD0TA3j46OlViFh9Cxr0ZP4Q&oe=69EE239C&_nc_sid=5e03e0&mms3=true
batch-1,cmnuo3r8502aaog79k7tjxzni,EMPTY_PATH,audio,https://mmg.whatsapp.net/v/t62.7117-24/545754249_946166767906714_8293067810544317427_n.enc?ccb=11-4&oh=01_Q5Aa4AEq7PdiO1cvJUKMNZJIXCQQ5WnJ2UI-6TQheXT9mDDZPQ&oe=69EE0F1D&_nc_sid=5e03e0&mms3=true
batch-1,cmnuo3r6x01ngog79z3iat9dl,EMPTY_PATH,audio,https://mmg.whatsapp.net/v/t62.7117-24/545928964_945546744841578_4286603955928857983_n.enc?ccb=11-4&oh=01_Q5Aa4AGiul95ecqCIbXf9vzRn9iPp37vgS5japubD_XTSSS9OQ&oe=69EE17B3&_nc_sid=5e03e0&mms3=true
batch-1,cmnuo3r7001p7og79tdhlhnie,EMPTY_PATH,audio,https://mmg.whatsapp.net/v/t62.7117-24/594083628_2010489963155138_6046697967705601473_n.enc?ccb=11-4&oh=01_Q5Aa4AEdB2Qub2g7C-kteAO9T3tGT-msvXTCidmVq2j9vg3Vaw&oe=69EE3985&_nc_sid=5e03e0&mms3=true
batch-1,cmnuo3r7001p8og79cpn7s97y,EMPTY_PATH,audio,https://mmg.whatsapp.net/v/t62.7117-24/614286658_1287975323225027_345033475406230769_n.enc?ccb=11-4&oh=01_Q5Aa4AGXgZnEygyHAiHnVdWV7PTy6HAWFWBLoauAF6kYZdVq3Q&oe=69EE347E&_nc_sid=5e03e0&mms3=true
batch-1,cmnuo3r6x01nhog79qczxsk24,EMPTY_PATH,audio,https://mmg.whatsapp.net/v/t62.7117-24/544806294_1269673301931894_876349352319429705_n.enc?ccb=11-4&oh=01_Q5Aa4AGpd0Mz0F2LpDHco21Si3isVFqjncMzS5FzlwfKL1bKIg&oe=69EE2DD8&_nc_sid=5e03e0&mms3=true
batch-1,cmnuo3r8802bgog79qnb98gss,EMPTY_PATH,audio,https://mmg.whatsapp.net/v/t62.7117-24/555539326_2346601515840135_7197580593197229009_n.enc?ccb=11-4&oh=01_Q5Aa4AFe1AnfoHIAg0uNsdwyngwWzxBDM-VZE54dWA26_H8hjQ&oe=69EE07D5&_nc_sid=5e03e0&mms3=true
batch-1,cmnuo3r6x01njog79eu1i1ar1,EMPTY_PATH,audio,https://mmg.whatsapp.net/v/t62.7117-24/542361411_937515418977083_363709232360731446_n.enc?ccb=11-4&oh=01_Q5Aa4AFHsGiUoclfDNNX_BJhjfUtNf2emZOx8FBJOIUclKUPJQ&oe=69EDF8F8&_nc_sid=5e03e0&mms3=true
batch-1,cmnuo3r7m0209og79mu2xpro8,EMPTY_PATH,audio,https://mmg.whatsapp.net/v/t62.7117-24/558224647_2124789731788627_627910378995287302_n.enc?ccb=11-4&oh=01_Q5Aa4AFafRXY0QgH0zllTmlVY7qLKgxYdILJ5x0OrL5cyY6-1Q&oe=69EE0356&_nc_sid=5e03e0&mms3=true
batch-1,cmnuo3r8802bhog798t6fjyj2,EMPTY_PATH,audio,https://mmg.whatsapp.net/v/t62.7117-24/550226805_2473829303086664_5742143466505124524_n.enc?ccb=11-4&oh=01_Q5Aa4AFSZDGZ6p22cip5V_RG1VtXyRIWalFpTUnTQJRAVWaOdQ&oe=69EDF754&_nc_sid=5e03e0&mms3=true
batch-1,cmnuo3r7m020aog79yx571me0,EMPTY_PATH,audio,https://mmg.whatsapp.net/v/t62.7117-24/610746846_1287050749991090_3119713158406396649_n.enc?ccb=11-4&oh=01_Q5Aa4AGuGpKbuzuqrEANncL4iLqUdv4LhRT9-FuuEm8OC0EqFw&oe=69EDEE96&_nc_sid=5e03e0&mms3=true
batch-1,cmnuo3r7m020bog799ziwt9y1,EMPTY_PATH,audio,https://mmg.whatsapp.net/v/t62.7117-24/542763479_804152109403079_7184901647513861369_n.enc?ccb=11-4&oh=01_Q5Aa4AH9iAWW2vp00xsqiWF-rEsEjxPiy-2q1m-pUY-yjfBFCA&oe=69EDFE3F&_nc_sid=5e03e0&mms3=true
batch-1,cmnuo3r8802biog79vo0vxzxa,EMPTY_PATH,audio,https://mmg.whatsapp.net/v/t62.7117-24/546201621_940559945175432_7315741851688256315_n.enc?ccb=11-4&oh=01_Q5Aa4AGk0fg6-2y_MnOxwKoINJJ_WAYLXLAa33nv7-kgI3zBFg&oe=69EDE6BC&_nc_sid=5e03e0&mms3=true
batch-1,cmnuo3r9k02w7og799xqkjx8n,EMPTY_PATH,image,https://mmg.whatsapp.net/v/t62.7118-24/544773778_2149781719119189_6465658217515139328_n.enc?ccb=11-4&oh=01_Q5Aa4AHvP5RQ5hT0sAVLLsQ9TANhGwMRKj8Pzc04h3eoWnnLuw&oe=69EDEAB5&_nc_sid=5e03e0&mms3=true
batch-1,cmnuo3r8502abog79h6zwphio,EMPTY_PATH,audio,https://mmg.whatsapp.net/v/t62.7117-24/546073483_4324763174448798_1747091669744416522_n.enc?ccb=11-4&oh=01_Q5Aa4AHgrpeuHqSj5hpSz3FxDvYDPb-tPiER51UocarVKrbscw&oe=69EE0F34&_nc_sid=5e03e0&mms3=true
batch-1,cmnuo3r9t030jog79wr9lnmwn,EMPTY_PATH,audio,https://mmg.whatsapp.net/v/t62.7117-24/544633056_2163689037812397_5554158206673888586_n.enc?ccb=11-4&oh=01_Q5Aa4AHsywEAp1yp41cEcIdzvIERREPIZOOlUxexrj58ArKb5A&oe=69EDDD94&_nc_sid=5e03e0&mms3=true
batch-1,cmnuo3r7c01v6og79npw5urb8,EMPTY_PATH,audio,https://mmg.whatsapp.net/v/t62.7117-24/559405794_1695240951649695_3253864789885345366_n.enc?ccb=11-4&oh=01_Q5Aa4AFAi_Adgl7qXt51eRM3RuHuZqdFUIbOkuxmSMivzsR8Rg&oe=69EDCE7F&_nc_sid=5e03e0&mms3=true
batch-1,cmnuo3r7c01v7og790ym5ar18,EMPTY_PATH,audio,https://mmg.whatsapp.net/v/t62.7117-24/606101529_3754717134824155_2870101824742585545_n.enc?ccb=11-4&oh=01_Q5Aa4AEhWoOmqA4RN_of3q7OlRYiAClMe7yf9b1-7kuMbc9WrQ&oe=69ED710C&_nc_sid=5e03e0&mms3=true
batch-1,cmnuo3r9q02zgog79nx9q9sse,EMPTY_PATH,audio,https://mmg.whatsapp.net/v/t62.7117-24/543940179_2093381861525383_221406098744044955_n.enc?ccb=11-4&oh=01_Q5Aa4AGFcUrqNvGj3ql8SyLkzVrEicMtLM5yscZvHht7bkVKhQ&oe=69ED72C7&_nc_sid=5e03e0&mms3=true
batch-1,cmnuo3r9r02zhog79pkuk16nd,EMPTY_PATH,audio,https://mmg.whatsapp.net/v/t62.7117-24/612764820_975417001834530_6702811183672893118_n.enc?ccb=11-4&oh=01_Q5Aa4AEmNEsOwj0_GVml6aIcvqBXcvq8GtTW_0PSgKYpX25Ozg&oe=69ED97F8&_nc_sid=5e03e0&mms3=true
batch-1,cmnuo3r9r02ziog79eq6luzaf,EMPTY_PATH,audio,https://mmg.whatsapp.net/v/t62.7117-24/540948128_26723544443909720_2255244556565375746_n.enc?ccb=11-4&oh=01_Q5Aa4AE_onjJVAWm2dzEQ83qeBdlgMG2cgeCuVJtCe5jcnxrbg&oe=69ED7467&_nc_sid=5e03e0&mms3=true
batch-1,cmnuo3r9r02zjog790yf9bi3g,EMPTY_PATH,audio,https://mmg.whatsapp.net/v/t62.7117-24/609334815_868531276196989_707491502131365117_n.enc?ccb=11-4&oh=01_Q5Aa4AE1WnAnytmlCOOygfnknR3YORAuQ79-C95VKE57RBL6fA&oe=69ED69ED&_nc_sid=5e03e0&mms3=true
batch-1,cmnuo3r8e02ejog798epo5zcf,EMPTY_PATH,audio,https://mmg.whatsapp.net/v/t62.7117-24/609677282_1222673809644045_5329095573323632618_n.enc?ccb=11-4&oh=01_Q5Aa4AHY5SXk0VZo1GNYgijVFHtKbw5nfrEnVmMIf7pkaSwjtw&oe=69ED7825&_nc_sid=5e03e0&mms3=true
batch-1,cmnuo3r8e02ekog797p0mnss6,EMPTY_PATH,audio,https://mmg.whatsapp.net/v/t62.7117-24/612472097_1266635205574161_3991070684655980311_n.enc?ccb=11-4&oh=01_Q5Aa4AGb2VKhKK6Lmd15n0FM-TLdeFpzI1dB0SLDLAQUaF-VQA&oe=69ED7103&_nc_sid=5e03e0&mms3=true
batch-1,cmnuo3r7n020cog79gouttgyv,EMPTY_PATH,audio,https://mmg.whatsapp.net/v/t62.7117-24/548392214_1554517303349844_9096900257845812723_n.enc?ccb=11-4&oh=01_Q5Aa4AFaq11Nj7lHaUbysqkLzSLKlA3f97ExQCjbBsI293aArQ&oe=69ED741F&_nc_sid=5e03e0&mms3=true
batch-1,cmnuo3r7n020dog7923mf1kxg,EMPTY_PATH,audio,https://mmg.whatsapp.net/v/t62.7117-24/546085422_1438807714123031_2093198079784739968_n.enc?ccb=11-4&oh=01_Q5Aa4AGBeyDtZbvUXdPlVmD71691GeL3hBxUErc_Q0MeK2mDvw&oe=69ED795E&_nc_sid=5e03e0&mms3=true
batch-1,cmnuo3rbt037fog796ue1e7ry,EMPTY_PATH,audio,https://mmg.whatsapp.net/v/t62.7117-24/614408123_2450737188680772_6036983673060000777_n.enc?ccb=11-4&oh=01_Q5Aa4AG4P7w92Wy-XnysznHgXwRjvt_CXjLzq3Gdvwo7JzO0kg&oe=69ED5DAF&_nc_sid=5e03e0&mms3=true
batch-1,cmnuo3r7c01v8og79gec4l7de,EMPTY_PATH,audio,https://mmg.whatsapp.net/v/t62.7117-24/610144675_3879634475675258_7610628135389171536_n.enc?ccb=11-4&oh=01_Q5Aa4AElMFdd_wOVEJVPrRdVgrsbk8GiXcpu_B-ch7M6VrUIPg&oe=69ED6C45&_nc_sid=5e03e0&mms3=true
batch-1,cmnuo3rbs036mog792ab7wru0,EMPTY_PATH,audio,https://mmg.whatsapp.net/v/t62.7117-24/550760784_1870045193656165_7926407419295467662_n.enc?ccb=11-4&oh=01_Q5Aa4AGTVTceFFSRbanBLlVHnkGEMJolgn5QZz-omzirMI12Ew&oe=69ED8B4B&_nc_sid=5e03e0&mms3=true
batch-1,cmnuo3r8802bjog79ecntz8xv,EMPTY_PATH,audio,https://mmg.whatsapp.net/v/t62.7117-24/584721596_1985113879090423_2942186116334162941_n.enc?ccb=11-4&oh=01_Q5Aa4AGwGCZcbHJ_pvcHD431fjMAlEQcbsWV4x8Px0VBasuTwg&oe=69ED69F2&_nc_sid=5e03e0&mms3=true
batch-1,cmnuo3rbu037gog79rst7gmgv,EMPTY_PATH,audio,https://mmg.whatsapp.net/v/t62.7117-24/609430480_1611175353332105_4625681431669921615_n.enc?ccb=11-4&oh=01_Q5Aa4AF2iMfSArs6uiJcChDR9-OGLmuTKpRX1-Vf4EBkCi56EA&oe=69ED7885&_nc_sid=5e03e0&mms3=true
batch-1,cmnuo3r8802bkog79pc10dlqb,EMPTY_PATH,audio,https://mmg.whatsapp.net/v/t62.7117-24/544490671_1249583847365796_4735279311195695985_n.enc?ccb=11-4&oh=01_Q5Aa4AF4xaAMkXURGsggPd7IkErgA497aArT0DQe8XJ8ZSYqkg&oe=69ED68B4&_nc_sid=5e03e0&mms3=true
batch-1,cmnuo3r7c01v9og79jnwrmrvs,EMPTY_PATH,audio,https://mmg.whatsapp.net/v/t62.7117-24/545249837_1479660570407903_7379354816914983734_n.enc?ccb=11-4&oh=01_Q5Aa4AGT_5Tj8LDMMBJwyQE8BE7dvOMA04Wr2gnqTMcl4nzHHw&oe=69ED8293&_nc_sid=5e03e0&mms3=true
batch-1,cmnuo3r7c01vaog79jgme561i,EMPTY_PATH,audio,https://mmg.whatsapp.net/v/t62.7117-24/544354238_815400154324471_8429885771054281515_n.enc?ccb=11-4&oh=01_Q5Aa4AGqO7eBHhrTDhy2VnKPD1B4RPm7xFYAI3rj4N6rqrGKvw&oe=69ED8998&_nc_sid=5e03e0&mms3=true
batch-1,cmnuo3r7c01vbog79g09awt4b,EMPTY_PATH,audio,https://mmg.whatsapp.net/v/t62.7117-24/548017922_1941407569796781_7496164146961305106_n.enc?ccb=11-4&oh=01_Q5Aa4AER8kfNupeVBIfgpP3p9ll59MR7g60QOU1KnHtZsjH1rQ&oe=69ED670C&_nc_sid=5e03e0&mms3=true
batch-1,cmnuo3r9t030kog79qbigf0e2,EMPTY_PATH,audio,https://mmg.whatsapp.net/v/t62.7117-24/549453484_4575775252655412_4459172796506757366_n.enc?ccb=11-4&oh=01_Q5Aa4AHatQMuvJ5qVd4s332khP0bd57XpnV43XnK0DO8WF81ig&oe=69ED82E2&_nc_sid=5e03e0&mms3=true
batch-1,cmnuo3r9u030log793v1zl57y,EMPTY_PATH,audio,https://mmg.whatsapp.net/v/t62.7117-24/609780882_1311509234134959_5791799927211586021_n.enc?ccb=11-4&oh=01_Q5Aa4AGstGrbjd8zcYAkIXawrifx9VdS6ebTDkeeqK07dusnew&oe=69ED8984&_nc_sid=5e03e0&mms3=true
batch-1,cmnuo3r7c01vcog79e9hboqou,EMPTY_PATH,audio,https://mmg.whatsapp.net/v/t62.7117-24/547861399_2358380284644690_7243815158252253398_n.enc?ccb=11-4&oh=01_Q5Aa4AEC6JggiJ5dA629sIPi0jU_Wl2npThm4_IDeqcaTYbWvA&oe=69ED6ED3&_nc_sid=5e03e0&mms3=true
batch-1,cmnuo3rbx037hog79eyn591wn,EMPTY_PATH,audio,https://mmg.whatsapp.net/v/t62.7117-24/560700414_823908606738142_2794064261912340446_n.enc?ccb=11-4&oh=01_Q5Aa4AETN3Nu7P9z3Xf8KhkXEbx5JM7B5mlEyByGAzZpvSehCQ&oe=69ED7C8A&_nc_sid=5e03e0&mms3=true
batch-1,cmnuo3rbs036nog795vosce9c,EMPTY_PATH,audio,https://mmg.whatsapp.net/v/t62.7117-24/545860774_943877621451720_4147155077115594562_n.enc?ccb=11-4&oh=01_Q5Aa4AGZZhi_wWdtVh3Ef4lWkmE9tJMLYtpEtVN5nJPxCFSjug&oe=69ED6CEF&_nc_sid=5e03e0&mms3=true
batch-1,cmnuo3rbs036oog79bujoxpi0,EMPTY_PATH,audio,https://mmg.whatsapp.net/v/t62.7117-24/612835843_1596499611404258_2142600274870653963_n.enc?ccb=11-4&oh=01_Q5Aa4AGIhOTxxx6sucahOahSzmAVo-Xcq2eLja31WniaKeDwJQ&oe=69ED84A1&_nc_sid=5e03e0&mms3=true
batch-1,cmnuo3rbe035eog79xla4ggcd,EMPTY_PATH,audio,https://mmg.whatsapp.net/v/t62.7117-24/606467544_1569276934158139_5780178845593336628_n.enc?ccb=11-4&oh=01_Q5Aa4AEEpkZf91HdZYpEPTtwF-gTv0ovCXn76NJXzry4aj8JYw&oe=69ED4F85&_nc_sid=5e03e0&mms3=true
batch-1,cmnuo3r7c01vdog79wylg7x1h,EMPTY_PATH,audio,https://mmg.whatsapp.net/v/t62.7117-24/545501198_1310073724505047_7770221623309805387_n.enc?ccb=11-4&oh=01_Q5Aa4AHVuKwAgi7wPLKuAAa3tkpJ9kdlOIMe5qwbt1wT0NfYpw&oe=69ED62BC&_nc_sid=5e03e0&mms3=true
batch-1,cmnuo3rbs036tog79qz1hg7mw,EMPTY_PATH,audio,https://mmg.whatsapp.net/v/t62.7117-24/613364481_3491916590974280_8460641087322380155_n.enc?ccb=11-4&oh=01_Q5Aa4AEw5qwY7JuCa7ddZctv273_FUFfNH_CyJGTkqAgJ6dgYg&oe=69ED6CF2&_nc_sid=5e03e0&mms3=true
batch-1,cmnuo3rbs036uog796v6l7kb9,EMPTY_PATH,audio,https://mmg.whatsapp.net/v/t62.7117-24/614668747_784841194695724_1695073224175737343_n.enc?ccb=11-4&oh=01_Q5Aa4AF_tioMxMsAe_cMldsHAMxIqZOVGw2bO2juAAZnW5VUZA&oe=69ED4D6E&_nc_sid=5e03e0&mms3=true
batch-1,cmnuo3r7c01veog79dugg8dy8,EMPTY_PATH,audio,https://mmg.whatsapp.net/v/t62.7117-24/612660170_871245689256398_2735249173465150739_n.enc?ccb=11-4&oh=01_Q5Aa4AHEUTKsew3FKHlDXRP016KDe0Ik3FyV8NDthmvFvOPH5Q&oe=69ED4961&_nc_sid=5e03e0&mms3=true
batch-1,cmnuo3rbe035fog79qh8jpem8,EMPTY_PATH,audio,https://mmg.whatsapp.net/v/t62.7117-24/594221375_25953865564315840_6756752051316133831_n.enc?ccb=11-4&oh=01_Q5Aa4AF44Un-k4bwNfV0bDxWGg6eKFHEhBB21JD_N7LWrLTmLw&oe=69ED36DC&_nc_sid=5e03e0&mms3=true
batch-1,cmnuo3rbe035gog79kyf6crk1,EMPTY_PATH,audio,https://mmg.whatsapp.net/v/t62.7117-24/542466777_1332283998727534_2486326545632121299_n.enc?ccb=11-4&oh=01_Q5Aa4AFuYWCw_YhOuIPDF04g489Q4B-o6YepcLUFxhP8tZwleg&oe=69ED5733&_nc_sid=5e03e0&mms3=true
batch-1,cmnuo3rbe035hog795lh0blup,EMPTY_PATH,audio,https://mmg.whatsapp.net/v/t62.7117-24/613220045_795271406528660_3182448781950945738_n.enc?ccb=11-4&oh=01_Q5Aa4AH3pA9IsnfOfVKCyM_iuEmp1WwQXHLBt3_5KXQiGVJIyA&oe=69ED4CAB&_nc_sid=5e03e0&mms3=true
batch-1,cmnuo3r9u030mog79q39o93zq,EMPTY_PATH,audio,https://mmg.whatsapp.net/v/t62.7117-24/563590129_947041388220667_8662285409461321055_n.enc?ccb=11-4&oh=01_Q5Aa4AHNM8HBcCZx0VKB2-33Jxxg4g1iaLHsZel04DiGVqcUXQ&oe=69ED41F5&_nc_sid=5e03e0&mms3=true
batch-1,cmnuo3r8o02hwog79wizqf5xm,EMPTY_PATH,audio,https://mmg.whatsapp.net/v/t62.7117-24/616884414_4319948988285739_978418039524848523_n.enc?ccb=11-4&oh=01_Q5Aa4AGriqV8Gw1ru0CQGiDkOPlww6lkSHB99ISh_dRdCDGSNw&oe=69ED51F3&_nc_sid=5e03e0&mms3=true
batch-1,cmnuo3r9u030nog79fjyzp0mt,EMPTY_PATH,audio,https://mmg.whatsapp.net/v/t62.7117-24/609907091_922394690571425_8617834789114838432_n.enc?ccb=11-4&oh=01_Q5Aa4AFBvNacY45cD4XnSTVpc1ViXtyWc5FhbWZJGCUAcIgAog&oe=69ED42F0&_nc_sid=5e03e0&mms3=true
batch-1,cmnuo3rbe035iog797pp5fhso,EMPTY_PATH,audio,https://mmg.whatsapp.net/v/t62.7117-24/545809838_1295492099090894_2211637738992748524_n.enc?ccb=11-4&oh=01_Q5Aa4AEEKtjMYXqywSFZR3pwGeRdCgTsg3mJ5DwwnFHWCEeJ4A&oe=69ED67DF&_nc_sid=5e03e0&mms3=true
batch-1,cmnuo3rbe035jog79aj4l83rj,EMPTY_PATH,audio,https://mmg.whatsapp.net/v/t62.7117-24/545782693_2014751612771975_1814301366938865057_n.enc?ccb=11-4&oh=01_Q5Aa4AFQLVWv3J-z-N9pn2YSfdw0E2m5wCelCegxaJ7WQhzxRg&oe=69ED64AF&_nc_sid=5e03e0&mms3=true
batch-1,cmnuo3rbe035kog79e4qom2t4,EMPTY_PATH,audio,https://mmg.whatsapp.net/v/t62.7117-24/546450786_1728617614597804_8150603345350843385_n.enc?ccb=11-4&oh=01_Q5Aa4AEVqgim10b8Lkrt5KjtanUkfRAgTvOAw-zY0K_9WCRW1w&oe=69ED3CDA&_nc_sid=5e03e0&mms3=true
batch-1,cmnuo3r9u030oog79ij3tnzo1,EMPTY_PATH,audio,https://mmg.whatsapp.net/v/t62.7117-24/585279172_1475170191069280_519108286240489800_n.enc?ccb=11-4&oh=01_Q5Aa4AEdNyPUuSPUDzRBUUaBYtA1VsXwhmzMygZ2ScusLoG5HQ&oe=69ED3E0F&_nc_sid=5e03e0&mms3=true
batch-1,cmnuo3r9u030pog7909l4q5z6,EMPTY_PATH,audio,https://mmg.whatsapp.net/v/t62.7117-24/564948886_1533668502094953_3355286879995563058_n.enc?ccb=11-4&oh=01_Q5Aa4AHvUdoxkjXrLxutEfGwgXIFnAciTaDoxDQOziQ9zGubRw&oe=69ED3859&_nc_sid=5e03e0&mms3=true
batch-1,cmnuo3r8o02hxog79r5eujngg,EMPTY_PATH,audio,https://mmg.whatsapp.net/v/t62.7117-24/556196522_796293313531427_6814957803861857301_n.enc?ccb=11-4&oh=01_Q5Aa4AE5U9F5coSUvhLG5ZvHhEXmm5YHpvEo5BszvZm1sIJVyg&oe=69ED482B&_nc_sid=5e03e0&mms3=true
batch-1,cmnuo3r9u030qog791fqjp4bq,EMPTY_PATH,audio,https://mmg.whatsapp.net/v/t62.7117-24/606135974_1992198365038465_4235907284746280471_n.enc?ccb=11-4&oh=01_Q5Aa4AGJ3_xFST8uuCZodvRuILkYxh0sPqurN3zPZ-5lkPfRGw&oe=69ED667F&_nc_sid=5e03e0&mms3=true
batch-1,cmnuo3r9u030rog79ado8wpyi,EMPTY_PATH,audio,https://mmg.whatsapp.net/v/t62.7117-24/548110398_1625191855195019_5871401172477536367_n.enc?ccb=11-4&oh=01_Q5Aa4AG-3WrxDsJN-yVopZImt1wXsJpx_TgVsvkY_sVhW6gH9A&oe=69ED56CD&_nc_sid=5e03e0&mms3=true
batch-1,cmnuo3r9v030sog79fplc3dze,EMPTY_PATH,audio,https://mmg.whatsapp.net/v/t62.7117-24/542279988_2140489356490710_6858120072121119082_n.enc?ccb=11-4&oh=01_Q5Aa4AHEqz6LVu3lk0SLkKxSpKe6W3rzTxxEqSDmzn9pEIijqg&oe=69ED3695&_nc_sid=5e03e0&mms3=true
batch-1,cmnuo3r9v030tog79kauzzfay,EMPTY_PATH,audio,https://mmg.whatsapp.net/v/t62.7117-24/597077313_923436210661203_2685935997181319027_n.enc?ccb=11-4&oh=01_Q5Aa4AF0YcQ3EDfGhvSxY8L_U4TDAd0OLJBFPbmHkA-Eej9_dA&oe=69ED3CFA&_nc_sid=5e03e0&mms3=true
batch-1,cmnuo3r9v030uog79npitjret,EMPTY_PATH,audio,https://mmg.whatsapp.net/v/t62.7117-24/609626590_2054536038779970_9004572036889827978_n.enc?ccb=11-4&oh=01_Q5Aa4AHu2pgdQ7fU8zw8vqlkxLou0fv69-3T92hT-AkfpLkEUg&oe=69ED511C&_nc_sid=5e03e0&mms3=true
batch-1,cmnuo3r9v030vog79nxdfkbb2,EMPTY_PATH,audio,https://mmg.whatsapp.net/v/t62.7117-24/610159300_901926939490610_7063056083543627252_n.enc?ccb=11-4&oh=01_Q5Aa4AGC_ZuucpaRrU77N1t2gqkx0TO_FHqvPP2kVHfSioGivA&oe=69ED45E2&_nc_sid=5e03e0&mms3=true
batch-1,cmnuo3r9v030wog795p3j9rzl,EMPTY_PATH,audio,https://mmg.whatsapp.net/v/t62.7117-24/548205420_915407908030793_7420926081753822716_n.enc?ccb=11-4&oh=01_Q5Aa4AEsAWjYhKO0nKAxG0IOEW1qeKyeJThmogP10wG_34g0uQ&oe=69ED39C3&_nc_sid=5e03e0&mms3=true
batch-1,cmnuo3rbe035log799ca7gmi9,EMPTY_PATH,audio,https://mmg.whatsapp.net/v/t62.7117-24/540954979_2785965665083911_1815967690005377277_n.enc?ccb=11-4&oh=01_Q5Aa4AFpw8osh36IqC4TrTx4uGDGHev8D2KetT6F1EUr_NQvrw&oe=69ED4470&_nc_sid=5e03e0&mms3=true
batch-1,cmnuo3rbe035mog79zam0n3y1,EMPTY_PATH,audio,https://mmg.whatsapp.net/v/t62.7117-24/545405232_843247412120417_1452841248465419677_n.enc?ccb=11-4&oh=01_Q5Aa4AGWQM9RKKgH2KX2dktgiqPvQuexnO0yw4MlKEGqq5K9cQ&oe=69ED29AA&_nc_sid=5e03e0&mms3=true
batch-1,cmnuo3rbe035nog79je5rqxwx,EMPTY_PATH,audio,https://mmg.whatsapp.net/v/t62.7117-24/556058773_1239057728343960_966089243530520572_n.enc?ccb=11-4&oh=01_Q5Aa4AFDK795b0OtdEjSxQEsAFSm8j6fZDbSTz7wySX0B5asgQ&oe=69ED4DB9&_nc_sid=5e03e0&mms3=true
batch-1,cmnuo3rbf035oog79z063dlen,EMPTY_PATH,audio,https://mmg.whatsapp.net/v/t62.7117-24/610448250_2362628417538422_2026118639323650313_n.enc?ccb=11-4&oh=01_Q5Aa4AEkTspzwWLpM8fXGFXqeGn10EahvR2RCQkeOWBYBzZsJw&oe=69ED4332&_nc_sid=5e03e0&mms3=true
batch-1,cmnuo3rbj035pog79xpy3dlqc,EMPTY_PATH,audio,https://mmg.whatsapp.net/v/t62.7117-24/548793597_1037261572807768_4058310063920284534_n.enc?ccb=11-4&oh=01_Q5Aa4AFOT7Wa-mancW4dmx6QkEhoFmOmAqZ9QoNwu6lgljiG8A&oe=69ED4D7B&_nc_sid=5e03e0&mms3=true
batch-1,cmnuo3r9k02w8og79nqr86eyb,EMPTY_PATH,audio,https://mmg.whatsapp.net/v/t62.7117-24/611004817_1615250949743793_930174593306370387_n.enc?ccb=11-4&oh=01_Q5Aa4AHRG_5RM1ZGmeHP-6N2j5jjmiGRXA6X5GnzirDRnttAgQ&oe=69ED5657&_nc_sid=5e03e0&mms3=true
batch-1,cmnuo3r9k02w9og79slpl7jxs,EMPTY_PATH,audio,https://mmg.whatsapp.net/v/t62.7117-24/544745700_1680278453149610_899726042869778486_n.enc?ccb=11-4&oh=01_Q5Aa4AEDrboIQCXli6cuBd0X7yvFceuniKZaSFwQw4PyGZm5fw&oe=69ED4B5E&_nc_sid=5e03e0&mms3=true
batch-1,cmnuo3rbk035qog79tqytn1o8,EMPTY_PATH,audio,https://mmg.whatsapp.net/v/t62.7117-24/613871612_710398958761372_6645490881633355021_n.enc?ccb=11-4&oh=01_Q5Aa4AFAEPcC67NCW5sPmahFsH3QLgU7XGjKimcSbn7utJRynw&oe=69ED3F14&_nc_sid=5e03e0&mms3=true
batch-1,cmnuo3rbm035rog79hh831tdj,EMPTY_PATH,audio,https://mmg.whatsapp.net/v/t62.7117-24/612752390_2166891664082342_6879672236298927681_n.enc?ccb=11-4&oh=01_Q5Aa4AFwER1HZ-OiykuBVZVKj85U022v3TUxbsh1M9DTIc8LwA&oe=69ED547F&_nc_sid=5e03e0&mms3=true
batch-1,cmnuo3r8w02kqog79h8pr1fi7,EMPTY_PATH,audio,https://mmg.whatsapp.net/v/t62.7117-24/563448373_787421927382418_3368854494299004014_n.enc?ccb=11-4&oh=01_Q5Aa4AFbGwerj0yYv9E8_F-wXtZtErHnvR-WBajoqxbNtnYUDw&oe=69ED25EF&_nc_sid=5e03e0&mms3=true
batch-1,cmnuo3r8w02krog79xqcep7lj,EMPTY_PATH,audio,https://mmg.whatsapp.net/v/t62.7117-24/596510509_3200602640112060_6274522517473388153_n.enc?ccb=11-4&oh=01_Q5Aa4AGiYZPrEkpDAE_GEsONF9_B73uoqJeZstab5QW7ysQh8Q&oe=69ED3802&_nc_sid=5e03e0&mms3=true
batch-1,cmnuo3r9k02waog79df18bq59,EMPTY_PATH,audio,https://mmg.whatsapp.net/v/t62.7117-24/544983107_2403259506788114_5064068312363676882_n.enc?ccb=11-4&oh=01_Q5Aa4AFtgKvr4mbQo_sH9-zZGGNjm-9Y6btx_Zk-2EHDdaVqCg&oe=69ED3091&_nc_sid=5e03e0&mms3=true
batch-1,cmnuo3r8w02ksog79cmeiryqa,EMPTY_PATH,audio,https://mmg.whatsapp.net/v/t62.7117-24/548605548_945497947981761_6136256038086919576_n.enc?ccb=11-4&oh=01_Q5Aa4AFd9W8uefa5rLsWyWhNzRShvtvL0EyPWyRY2zmRxyrxBA&oe=69ED4457&_nc_sid=5e03e0&mms3=true
batch-1,cmnuo3rbm035sog79flxprf0j,EMPTY_PATH,audio,https://mmg.whatsapp.net/v/t62.7117-24/609141425_1605451124016533_6683587285487009206_n.enc?ccb=11-4&oh=01_Q5Aa4AG6xWE8X2ywNFlY6js_4quWxMK6LEnKJ15inhWXrLVxEA&oe=69ED55E9&_nc_sid=5e03e0&mms3=true
batch-1,cmnuo3rbm035tog79wfoi1zpa,EMPTY_PATH,audio,https://mmg.whatsapp.net/v/t62.7117-24/549560820_1236189312055422_4772960414745510564_n.enc?ccb=11-4&oh=01_Q5Aa4AEEg-f525POLwcP3hbfkVTar6cKl74MRzyUoZtrYZpsDw&oe=69ED55D0&_nc_sid=5e03e0&mms3=true
batch-1,cmnuo3rbm035uog792tuaa6mc,EMPTY_PATH,audio,https://mmg.whatsapp.net/v/t62.7117-24/610448246_2784220685268159_7301742867507751525_n.enc?ccb=11-4&oh=01_Q5Aa4AH9fKros4PKtzx5bCpf0P1ESK4AFuBG_Et6JUknMxqeFw&oe=69ED35EA&_nc_sid=5e03e0&mms3=true
batch-1,cmnuo3r7n020eog79pab8bc5f,EMPTY_PATH,audio,https://mmg.whatsapp.net/v/t62.7117-24/610736634_2073747503482427_1025060311076646040_n.enc?ccb=11-4&oh=01_Q5Aa4AHp4dj-qjdwugH8_zfrHS8EcqsnNCWTexQdLInk7HKyKA&oe=69ED515D&_nc_sid=5e03e0&mms3=true
batch-1,cmnuo3r9k02wdog792vn7ge0f,EMPTY_PATH,image,https://mmg.whatsapp.net/v/t62.7118-24/544143925_1282069260579991_2112341016025982756_n.enc?ccb=11-4&oh=01_Q5Aa4AEF3LMzMA76x3r89FizZfV3x-VqTde89RRNG6wrlYSFuQ&oe=69ED26E0&_nc_sid=5e03e0&mms3=true
batch-1,cmnuo3r9k02wfog7948o1b65y,EMPTY_PATH,video,https://mmg.whatsapp.net/v/t62.7161-24/546084524_791348936995095_3070173676095848255_n.enc?ccb=11-4&oh=01_Q5Aa4AEjMA_yTuCWZkQ0Xxz0gtQPZJBQDYDfSMCCq7fOVb6hNg&oe=69ED2EB0&_nc_sid=5e03e0&mms3=true
batch-1,cmnuo3r8e02elog79fzr03f2i,EMPTY_PATH,audio,https://mmg.whatsapp.net/v/t62.7117-24/597796976_1243879634482219_4918825984009734546_n.enc?ccb=11-4&oh=01_Q5Aa4AH-2fP6-yFjl2dtVT6Q8fln2iPaF3CuGnwpHtYTShW-hw&oe=69ED2148&_nc_sid=5e03e0&mms3=true
batch-1,cmnuo3r9r02zkog794iz1crvn,EMPTY_PATH,audio,https://mmg.whatsapp.net/v/t62.7117-24/544922366_2319353051904577_5597750325684228909_n.enc?ccb=11-4&oh=01_Q5Aa4AGzRFnv5fgbOqb9HrgSchQYllAf9p2rtguvjeZmrU4yRg&oe=69ED29DC&_nc_sid=5e03e0&mms3=true
batch-1,cmnuo3r9202nrog79xyr23478,EMPTY_PATH,audio,https://mmg.whatsapp.net/v/t62.7117-24/594522264_1652536999351055_8001559374235757530_n.enc?ccb=11-4&oh=01_Q5Aa4AEcT_E7WQ6SB71-9AcD74n96WSpwYXChB5oJKPdyqqL6A&oe=69ED32E3&_nc_sid=5e03e0&mms3=true
batch-1,cmnuo3r9202nsog79u0zihfc9,EMPTY_PATH,audio,https://mmg.whatsapp.net/v/t62.7117-24/544906834_2161920141307927_1218468039081366987_n.enc?ccb=11-4&oh=01_Q5Aa4AHcnKgwI7p61mMdF-rZINbEMZgv7TKEfjYXowoNHJfBFA&oe=69ED2F4B&_nc_sid=5e03e0&mms3=true
batch-1,cmnuo3r9202ntog79cb5v4bmo,EMPTY_PATH,audio,https://mmg.whatsapp.net/v/t62.7117-24/549114628_27140502805539904_1844713596269922098_n.enc?ccb=11-4&oh=01_Q5Aa4AEC4utmIPD5oF39dODi9SUFe0MPg5wF8phAEK-b1Wn8TQ&oe=69ED51A7&_nc_sid=5e03e0&mms3=true
batch-1,cmnuo3r9202nuog79gwm5q08q,EMPTY_PATH,audio,https://mmg.whatsapp.net/v/t62.7117-24/559931449_963557746008882_2778324753979079861_n.enc?ccb=11-4&oh=01_Q5Aa4AGYsfbS7BXQbZNL1WIhJBghg7pF6Bt-xUNvxQDrmEdnKg&oe=69ED20A4&_nc_sid=5e03e0&mms3=true
batch-1,cmnuo3r9302nvog79pug05clr,EMPTY_PATH,audio,https://mmg.whatsapp.net/v/t62.7117-24/544882727_1482795143303152_3593576197412473534_n.enc?ccb=11-4&oh=01_Q5Aa4AGUG4Qqavy0TgLAraa_HoDKYvLpIE6GkOHiaXM52jrH1w&oe=69ED30FB&_nc_sid=5e03e0&mms3=true
batch-1,cmnuo3r8j02ggog7955762roe,EMPTY_PATH,audio,https://mmg.whatsapp.net/v/t62.7117-24/610200945_926411440373040_5580669341880941746_n.enc?ccb=11-4&oh=01_Q5Aa4AEMV4wTn3hgkCK5L1vo-rqwJhLTYoILyvGZFDQseP7Ckw&oe=69ED46DD&_nc_sid=5e03e0&mms3=true
batch-1,cmnuo3r8k02giog79j1eaa2j8,EMPTY_PATH,audio,https://mmg.whatsapp.net/v/t62.7117-24/542156144_1323514966491877_6765803594036482416_n.enc?ccb=11-4&oh=01_Q5Aa4AHxmdbgBnOF2UcJ_nrtbvGGSFRuPo3VewIPKlffYfPpfQ&oe=69ED3807&_nc_sid=5e03e0&mms3=true
batch-1,cmnuo3r9k02wgog79nduac8lh,EMPTY_PATH,audio,https://mmg.whatsapp.net/v/t62.7117-24/612087298_946785411216380_5249795298251370025_n.enc?ccb=11-4&oh=01_Q5Aa4AEEQ3PS-HVnybvlUyGDc3W1Owx-iQsfHR9b-0RqEoV3wA&oe=69ED30B0&_nc_sid=5e03e0&mms3=true
batch-1,cmnuo3r9k02whog79iqv3omwl,EMPTY_PATH,audio,https://mmg.whatsapp.net/v/t62.7117-24/544535807_960899440449535_7003091676730096546_n.enc?ccb=11-4&oh=01_Q5Aa4AEs1Y7hEi_7ClZ04rEPkDxCqa4o5BFnm-WCnZwkQZBgqw&oe=69ED4159&_nc_sid=5e03e0&mms3=true
batch-1,cmnuo3r9z032bog79zffg4h2i,EMPTY_PATH,audio,https://mmg.whatsapp.net/v/t62.7117-24/613418389_2202953857111814_568597993372026644_n.enc?ccb=11-4&oh=01_Q5Aa4AFiakZOFoWRflZifcB0k93vIsAajDxH1rweOwwlAYkBBA&oe=69ED2596&_nc_sid=5e03e0&mms3=true
batch-1,cmnuo3r9z032cog79a9cmu15s,EMPTY_PATH,audio,https://mmg.whatsapp.net/v/t62.7117-24/612738834_1652885316136376_5566648673395276096_n.enc?ccb=11-4&oh=01_Q5Aa4AHwsWzK6BOe5f8MLxqpJO6ETTa-B7Z0mQv8fX5s5jUngQ&oe=69ED2A7F&_nc_sid=5e03e0&mms3=true
batch-1,cmnuo3ra0032eog79a14febc9,EMPTY_PATH,audio,https://mmg.whatsapp.net/v/t62.7117-24/545646741_2148906269188140_2917127105256206671_n.enc?ccb=11-4&oh=01_Q5Aa4AElfm6pSwwPJZCHIKPvPO6oT71nxqRNic-owPthBQVeWQ&oe=69ED3470&_nc_sid=5e03e0&mms3=true
batch-1,cmnuo3r8w02l2og79pj0oi4te,EMPTY_PATH,audio,https://mmg.whatsapp.net/v/t62.7117-24/610549429_901923418853818_1076586013869113403_n.enc?ccb=11-4&oh=01_Q5Aa4AH8Ep-uzK7zheu2lnwJAGrYCazWM-bXzs43jWL9QXfb4Q&oe=69ED3612&_nc_sid=5e03e0&mms3=true
batch-1,cmnuo3r8w02l3og79b7n9cxr7,EMPTY_PATH,audio,https://mmg.whatsapp.net/v/t62.7117-24/557107100_25518813174458432_3139369757474604340_n.enc?ccb=11-4&oh=01_Q5Aa4AE9Dip6QPGZJLq67ve5eCKnVoFUvBSEeBZDntGg7TblLQ&oe=69ED452B&_nc_sid=5e03e0&mms3=true
batch-1,cmnuo3rbn035vog79p5dvrq7z,EMPTY_PATH,audio,https://mmg.whatsapp.net/v/t62.7117-24/610532043_1946496712665364_2899504004546167450_n.enc?ccb=11-4&oh=01_Q5Aa4AEUIF2z5chF73NfMc3UQJ043_yRQxsC7Fvl6JX7Dg3HUA&oe=69ED2308&_nc_sid=5e03e0&mms3=true
batch-1,cmnuo3rbn035wog797esqezws,EMPTY_PATH,audio,https://mmg.whatsapp.net/v/t62.7117-24/559556752_955600423476739_2732108375962089514_n.enc?ccb=11-4&oh=01_Q5Aa4AGLC-rJ2iMEN7v1FbZnS-eBRq_xOzySHmi4o7NptX2XQw&oe=69ED26D9&_nc_sid=5e03e0&mms3=true
batch-1,cmnuo3r9v030xog79we66j6g6,EMPTY_PATH,audio,https://mmg.whatsapp.net/v/t62.7117-24/594758896_1259014985767128_6073983510587648056_n.enc?ccb=11-4&oh=01_Q5Aa4AFM1FEP03H9xEoDCnjP_-TLitdCYcZjCfnIOkMPG_swBA&oe=69ED493E&_nc_sid=5e03e0&mms3=true
batch-1,cmnuo3r9302nwog79kpb4b40d,EMPTY_PATH,audio,https://mmg.whatsapp.net/v/t62.7117-24/564733814_997039949654396_7870402967659228012_n.enc?ccb=11-4&oh=01_Q5Aa4AEmjalO8epQ3z60n2uJWReoF4fDXeGBQe92PaSXuK2YwA&oe=69ED1EED&_nc_sid=5e03e0&mms3=true
batch-1,cmnuo3rbe0358og791rjjs70d,EMPTY_PATH,audio,https://mmg.whatsapp.net/v/t62.7117-24/544882753_26440723708913559_7246688489092224438_n.enc?ccb=11-4&oh=01_Q5Aa4AFk_Inffo7AjURYiwXH7iO9T4G7hBuhP-mmhfoPrfvXWw&oe=69ED3555&_nc_sid=5e03e0&mms3=true
batch-1,cmnuo3r9302nxog799jmh59qf,EMPTY_PATH,audio,https://mmg.whatsapp.net/v/t62.7117-24/558708808_1719977256040418_4460183721012526725_n.enc?ccb=11-4&oh=01_Q5Aa4AEiBilFUUC66pmKMTH3kywQr8nxM3Y8AAKO8ba-8NSucA&oe=69ED42E8&_nc_sid=5e03e0&mms3=true
batch-1,cmnuo3r9302nyog79s7tdhrkk,EMPTY_PATH,audio,https://mmg.whatsapp.net/v/t62.7117-24/609355439_1888220659247953_5036990379783999052_n.enc?ccb=11-4&oh=01_Q5Aa4AHE549YZMxkmFfdrlLskYNQLJDLevlxkhi3-5ZF-cKddA&oe=69ED1FA3&_nc_sid=5e03e0&mms3=true
batch-1,cmnuo3r8e02emog79tib3iz49,EMPTY_PATH,audio,https://mmg.whatsapp.net/v/t62.7117-24/545756082_929362869853002_896685048135741948_n.enc?ccb=11-4&oh=01_Q5Aa4AGZy-ZeU8r3wzFDx4Fesk7F4vqLtfeNxswvyX0g8dpeYQ&oe=69ED2D5E&_nc_sid=5e03e0&mms3=true
batch-1,cmnuo3r9r02zlog799njxil7x,EMPTY_PATH,audio,https://mmg.whatsapp.net/v/t62.7117-24/611379883_2289317618226599_3620279672764379049_n.enc?ccb=11-4&oh=01_Q5Aa4AE8WVHprKFSCmTOhhIto1roQtFSz6KLDnfOrsn-ts7Osw&oe=69ED2799&_nc_sid=5e03e0&mms3=true
batch-1,cmnuo3r8802bmog79wbbjxasf,EMPTY_PATH,audio,https://mmg.whatsapp.net/v/t62.7117-24/611080294_964782436070084_3312047583946693389_n.enc?ccb=11-4&oh=01_Q5Aa4AFLZVcpL91xn21F1BacLMRLuhtx_p3gM520zON3CsHIhw&oe=69ED3B1B&_nc_sid=5e03e0&mms3=true
batch-1,cmnuo3r9r02zmog79x6i5yfw3,EMPTY_PATH,audio,https://mmg.whatsapp.net/v/t62.7117-24/609597141_1042221485645362_3620514008128016515_n.enc?ccb=11-4&oh=01_Q5Aa4AGv_i0i692DH8nllATY7aJCJp3kOWyOpQ-XnbPbfpF82A&oe=69ED349B&_nc_sid=5e03e0&mms3=true
batch-1,cmnuo3r8e02enog79yhzbnht1,EMPTY_PATH,image,https://mmg.whatsapp.net/v/t62.7118-24/550088147_2192007561662600_234840382083225149_n.enc?ccb=11-4&oh=01_Q5Aa4AGmn7j4ysx6Mlj5osExiR3X-kBnE0g1UjlCxgh8enMxDQ&oe=69ED2734&_nc_sid=5e03e0&mms3=true
batch-1,cmnuo3r8x02laog79mpmwrxss,EMPTY_PATH,image,https://mmg.whatsapp.net/v/t62.7118-24/612766194_1456217365963212_7103874024154739890_n.enc?ccb=11-4&oh=01_Q5Aa4AGMRhIRZAnpX4-In5mKD2mednrjVbKgrs4yCah0kJjajQ&oe=69ED3180&_nc_sid=5e03e0&mms3=true
batch-1,cmnuo3r8e02eoog79yxuz4sx0,EMPTY_PATH,image,https://mmg.whatsapp.net/v/t62.7118-24/542271144_1267575595340221_2177648884911095825_n.enc?ccb=11-4&oh=01_Q5Aa4AEHtp1l2pv0tXuRuHeJzYgEJffa5kCXha1QACt123M77w&oe=69ED28C4&_nc_sid=5e03e0&mms3=true
batch-1,cmnuo3r9r02znog79622jdsew,EMPTY_PATH,audio,https://mmg.whatsapp.net/v/t62.7117-24/545022554_1252054486594351_315952612945035699_n.enc?ccb=11-4&oh=01_Q5Aa4AG800t07RSsReP9EVL5GZmSMqjsIF6AE7XLv7_hujPz6g&oe=69ED4121&_nc_sid=5e03e0&mms3=true
batch-1,cmnuo3r9r02zoog79gwlnq3iv,EMPTY_PATH,audio,https://mmg.whatsapp.net/v/t62.7117-24/544143664_26836940019236662_4634551747255393609_n.enc?ccb=11-4&oh=01_Q5Aa4AEyzaHbp5poC-xGeImazzZf_Rcu5bgEDCvk-IpPT1VG1w&oe=69ED40D0&_nc_sid=5e03e0&mms3=true
batch-1,cmnuo3r9r02zpog79201loayg,EMPTY_PATH,audio,https://mmg.whatsapp.net/v/t62.7117-24/541599524_1458102545798044_3084147628090733563_n.enc?ccb=11-4&oh=01_Q5Aa4AFQXtA5N6KJ6DU4SiBHbpN1YnPtj6vacMY8zZMCd_EkxA&oe=69ED3A35&_nc_sid=5e03e0&mms3=true
batch-1,cmnuo3r9r02zqog79bn4ncyi9,EMPTY_PATH,audio,https://mmg.whatsapp.net/v/t62.7117-24/658873518_1167878702003619_3034077507466510694_n.enc?ccb=11-4&oh=01_Q5Aa4AHrM1PSS2wPs6EZ-uOz3q5RZEc_1zXbPzwsMjDEwXRgWQ&oe=69ED1F46&_nc_sid=5e03e0&mms3=true
batch-1,cmnuo3r9d02ssog79ix3x2jwe,EMPTY_PATH,audio,https://mmg.whatsapp.net/v/t62.7117-24/546133324_1557465235349247_1499668516599672121_n.enc?ccb=11-4&oh=01_Q5Aa4AEgwqHiGUwhfdM00oheA9LN0DsEu1VB_9aKAWUpSZy3Qg&oe=69ED36EC&_nc_sid=5e03e0&mms3=true
batch-1,cmnuo3r8o02hzog79c7ql6x0u,EMPTY_PATH,audio,https://mmg.whatsapp.net/v/t62.7117-24/607191362_1493073602419985_4247670545018813766_n.enc?ccb=11-4&oh=01_Q5Aa4AE7KzOnF0ZEe8Z7TZ76CWO4ssNKsAQaD1GPVCnmVOY4xg&oe=69ED390F&_nc_sid=5e03e0&mms3=true
batch-1,cmnuo3r9d02stog79hio3wuxm,EMPTY_PATH,audio,https://mmg.whatsapp.net/v/t62.7117-24/545150493_2540411436378188_522687340375970656_n.enc?ccb=11-4&oh=01_Q5Aa4AFWLL-fKXhnkWjmkpH6Xwgb2acxO4JB-fXTG3UFapOLow&oe=69ED115A&_nc_sid=5e03e0&mms3=true
batch-1,cmnuo3r8k02gkog79e75qf77p,EMPTY_PATH,audio,https://mmg.whatsapp.net/v/t62.7117-24/659257493_1602166091071777_8820965551852818853_n.enc?ccb=11-4&oh=01_Q5Aa4AHLoNPjlgHuOlt_Je1hZvn2EKAWhC8DYNX6L-xsou-M5g&oe=69ED29D3&_nc_sid=5e03e0&mms3=true
batch-1,cmnuo3r8k02glog792mcx8rz1,EMPTY_PATH,audio,https://mmg.whatsapp.net/v/t62.7117-24/564598196_1253277573675390_7533239831292018425_n.enc?ccb=11-4&oh=01_Q5Aa4AGoZ3t-k-lt31ZGMRYQQIXUNybeLxDLziTEouiDM1EoZg&oe=69ED2DCC&_nc_sid=5e03e0&mms3=true
batch-1,cmnuo3r8k02gmog79wepa3um8,EMPTY_PATH,audio,https://mmg.whatsapp.net/v/t62.7117-24/551284460_1270296051744085_92017339068790417_n.enc?ccb=11-4&oh=01_Q5Aa4AHtK7IlpaJWDy0xCBZcbQdOdNqWqF5jYYpzyYWJkjML_A&oe=69ED105D&_nc_sid=5e03e0&mms3=true
batch-1,cmnuo3r8e02epog79k4pgjokj,EMPTY_PATH,audio,https://mmg.whatsapp.net/v/t62.7117-24/659259203_1940923323175295_3906515106288622444_n.enc?ccb=11-4&oh=01_Q5Aa4AGVLoW3Gbm3Z-LQsw-j5Zqu_E3BuLf7HlYh27ldX6nv4g&oe=69ED3815&_nc_sid=5e03e0&mms3=true
batch-1,cmnuo3r7n020gog79tj2yt0dz,EMPTY_PATH,audio,https://mmg.whatsapp.net/v/t62.7117-24/612748945_1471862077915342_8069761017034186407_n.enc?ccb=11-4&oh=01_Q5Aa4AGqNxnWlQFqsjv8S2Csyge58PckDTLwsDoCABiJHw3-cg&oe=69ED2DF3&_nc_sid=5e03e0&mms3=true
batch-1,cmnuo3r7n020hog79jy2ikw0w,EMPTY_PATH,audio,https://mmg.whatsapp.net/v/t62.7117-24/544433246_956454583582754_596774409959705053_n.enc?ccb=11-4&oh=01_Q5Aa4AFJEdLK1elO9IG629OP4KfeiH0N-1PiaIfJlJZwwV2TPQ&oe=69ED2B6B&_nc_sid=5e03e0&mms3=true
batch-1,cmnuo3r8w02ktog795bjjkum2,EMPTY_PATH,audio,https://mmg.whatsapp.net/v/t62.7117-24/556489474_1237905735161548_5615150424296139356_n.enc?ccb=11-4&oh=01_Q5Aa4AHe81E3UtugG65FW1bsS4y7b4veydMClnTsd2sYDyF7Ig&oe=69ED3228&_nc_sid=5e03e0&mms3=true
batch-1,cmnuo3r8o02i0og79cswu7bfm,EMPTY_PATH,audio,https://mmg.whatsapp.net/v/t62.7117-24/599706677_924331530443910_9208653267881717523_n.enc?ccb=11-4&oh=01_Q5Aa4AHUFn_VhV_87M7t3Rmr_klMPP7mzUNTz6tw7rLe5rtFHQ&oe=69ED3EA7&_nc_sid=5e03e0&mms3=true
batch-1,cmnuo3rbs036vog79uxym3jg1,EMPTY_PATH,audio,https://mmg.whatsapp.net/v/t62.7117-24/545642589_1836286697327520_7075784670468312145_n.enc?ccb=11-4&oh=01_Q5Aa4AHXpBGp40LyU5hEaEE5yuRiLRcgtP2wd9fUSjZi31-Kpw&oe=69ED0AD4&_nc_sid=5e03e0&mms3=true
batch-1,cmnuo3r9l02wuog7900406huu,EMPTY_PATH,audio,https://mmg.whatsapp.net/v/t62.7117-24/610303593_1614480776261494_8202993345620181684_n.enc?ccb=11-4&oh=01_Q5Aa4AEzCJr9zS3EJPwGFqy01rDc8UFweFhK5hdygYHytUKsVw&oe=69ED34EE&_nc_sid=5e03e0&mms3=true
batch-1,cmnuo3rbs036wog79o9tx08zn,EMPTY_PATH,audio,https://mmg.whatsapp.net/v/t62.7117-24/545037904_867300239658834_5949889195458342208_n.enc?ccb=11-4&oh=01_Q5Aa4AFOZNe8rq_2bvFeHG-MnMievkry3TkdDJkjN-6uSvoeXw&oe=69ED20B7&_nc_sid=5e03e0&mms3=true
batch-1,cmnuo3r7v024jog799v5tuxmj,EMPTY_PATH,audio,https://mmg.whatsapp.net/v/t62.7117-24/612482636_879577505114655_8733833291620662063_n.enc?ccb=11-4&oh=01_Q5Aa4AH3XRP4Zzz_fSHzmjthGcQnzGMbt-buA3-QIJ10EOGubQ&oe=69ED203C&_nc_sid=5e03e0&mms3=true
batch-1,cmnuo3r7v024kog790pfsnw46,EMPTY_PATH,audio,https://mmg.whatsapp.net/v/t62.7117-24/585380548_909162331730530_6396644715507783256_n.enc?ccb=11-4&oh=01_Q5Aa4AG0F1G05v-TUGMj3t-T91HcdcbNcww44leLYolWqIr7Jg&oe=69ED2C13&_nc_sid=5e03e0&mms3=true
batch-1,cmnuo3rby037iog79zmst6f0j,EMPTY_PATH,audio,https://mmg.whatsapp.net/v/t62.7117-24/546287151_1430051812484409_1586297063632441705_n.enc?ccb=11-4&oh=01_Q5Aa4AG-vi9ZuNe7iVBkM--Qjg2LS0t02cVSSoKmEGb8IOtM8w&oe=69ED3E63&_nc_sid=5e03e0&mms3=true
batch-1,cmnuo3rby037jog79vckob4nf,EMPTY_PATH,audio,https://mmg.whatsapp.net/v/t62.7117-24/546314682_2754211544913667_5703884879108225742_n.enc?ccb=11-4&oh=01_Q5Aa4AE4300esdUfpZhLcscYHSZrYis8REnCSJvpnjUMvK1zaw&oe=69ED3EB2&_nc_sid=5e03e0&mms3=true
batch-1,cmnuo3rbz037kog79lw3zn5ef,EMPTY_PATH,audio,https://mmg.whatsapp.net/v/t62.7117-24/550781048_911904751663193_7053410832320250995_n.enc?ccb=11-4&oh=01_Q5Aa4AFWtMdNStiMkev_8YAdrOys_hJEs5ax9LBQ1-34ewrKjg&oe=69ED1369&_nc_sid=5e03e0&mms3=true
batch-1,cmnuo3r7v024log79kv1hhhml,EMPTY_PATH,audio,https://mmg.whatsapp.net/v/t62.7117-24/658942733_913977008284816_9013574983070368950_n.enc?ccb=11-4&oh=01_Q5Aa4AFr8scjqoGAodUNdKmXb3sEy153-Qre3a4DN5iUroWAaA&oe=69ED2E43&_nc_sid=5e03e0&mms3=true
batch-1,cmnuo3r8x02lbog79pdwjvunm,EMPTY_PATH,audio,https://mmg.whatsapp.net/v/t62.7117-24/544420365_1679414513054407_4832002219307417557_n.enc?ccb=11-4&oh=01_Q5Aa4AFZCpa-UM7R_L7pred97YnCz8TU1AABfR4jQGkbscSV8w&oe=69ED28EE&_nc_sid=5e03e0&mms3=true
batch-1,cmnuo3r8802bnog79y1zmrros,EMPTY_PATH,audio,https://mmg.whatsapp.net/v/t62.7117-24/547642123_3133648140179244_4773256685836527508_n.enc?ccb=11-4&oh=01_Q5Aa4AHhPNaISMLQnH1LbNjuXbThVUma0nvX90UzcuJAQgozlA&oe=69ED123D&_nc_sid=5e03e0&mms3=true
batch-1,cmnuo3r8x02lcog79vnodity1,EMPTY_PATH,audio,https://mmg.whatsapp.net/v/t62.7117-24/561159206_1500125801740005_7025609813736030763_n.enc?ccb=11-4&oh=01_Q5Aa4AF5cJxPrSsQQnlV53X-OronWhHPdzFl4RZqmkk_ZD8g4w&oe=69ED09DC&_nc_sid=5e03e0&mms3=true
batch-1,cmnuo3r8802boog79lv7mkjl6,EMPTY_PATH,audio,https://mmg.whatsapp.net/v/t62.7117-24/548700127_1427258725214943_6522507317868950064_n.enc?ccb=11-4&oh=01_Q5Aa4AE2rCQUgEV_thS6saU3dmTYukD68ZX4PdPhCJG-xiRhGQ&oe=69ED1884&_nc_sid=5e03e0&mms3=true
batch-1,cmnuo3r9l02wvog797af5zfag,EMPTY_PATH,audio,https://mmg.whatsapp.net/v/t62.7117-24/610497023_1928599817762514_7777105301281684958_n.enc?ccb=11-4&oh=01_Q5Aa4AGgUUDOWjdjZvgV1h0ExWHkpvelns7k2z0o4txxEZw71Q&oe=69ED1CA6&_nc_sid=5e03e0&mms3=true
batch-1,cmnuo3rbz0380og797ed9r2gv,EMPTY_PATH,audio,https://mmg.whatsapp.net/v/t62.7117-24/609136086_966960182332891_3255021912335127832_n.enc?ccb=11-4&oh=01_Q5Aa4AFJCW-k0NHE0TZaImC_PZE1dgItY8pe1Y42tJD-fACjCg&oe=69ED0BA5&_nc_sid=5e03e0&mms3=true
batch-1,cmnuo3rbz0381og79ipscaw42,EMPTY_PATH,audio,https://mmg.whatsapp.net/v/t62.7117-24/547771947_4450229748534032_7766159791687603820_n.enc?ccb=11-4&oh=01_Q5Aa4AGzovadevk5SuxykysYrxWeFmAZ_mlwdweAkDykWdYbJQ&oe=69ED17A4&_nc_sid=5e03e0&mms3=true
batch-1,cmnuo3r8x02ldog79rn9x3cvr,EMPTY_PATH,audio,https://mmg.whatsapp.net/v/t62.7117-24/616664167_1263751095188519_4007880353001432559_n.enc?ccb=11-4&oh=01_Q5Aa4AFFAUMyCxEzo5_pslFituItEjkKXFR_LVmm-k5SDd9g5A&oe=69ED233E&_nc_sid=5e03e0&mms3=true
batch-1,cmnuo3r8x02leog79yoitod5c,EMPTY_PATH,audio,https://mmg.whatsapp.net/v/t62.7117-24/559220065_1880465855955822_8619969889036589360_n.enc?ccb=11-4&oh=01_Q5Aa4AEtiDURPN8pKHmAxcgfBvRZSZHkh26CYWUYnUmxWS4pjg&oe=69ED18A6&_nc_sid=5e03e0&mms3=true
batch-1,cmnuo3r8x02lfog79l1uu2vwv,EMPTY_PATH,audio,https://mmg.whatsapp.net/v/t62.7117-24/659152045_1490932672471476_1291532806066488670_n.enc?ccb=11-4&oh=01_Q5Aa4AEN-MwgSSOVwuBmpXhWfdy_OwUYhh7-eoHlhWt93TgQmw&oe=69ED3208&_nc_sid=5e03e0&mms3=true
batch-1,cmnuo3r8802bpog79mycfik60,EMPTY_PATH,audio,https://mmg.whatsapp.net/v/t62.7117-24/549702464_1475513277629962_519257397475291972_n.enc?ccb=11-4&oh=01_Q5Aa4AFVCPcUy9lnMfcMH2lKjzmJvCDU4pdFx_K2DOcTKhYueA&oe=69ED2FD3&_nc_sid=5e03e0&mms3=true
batch-1,cmnuo3r9g02u0og79faap5i07,EMPTY_PATH,audio,https://mmg.whatsapp.net/v/t62.7117-24/551012030_1589923502235172_5943517281073901313_n.enc?ccb=11-4&oh=01_Q5Aa4AECY4DlaWT-UvwdXpRC85IuhvyUovO7pU0O6S1BLzXFcg&oe=69ED2101&_nc_sid=5e03e0&mms3=true
batch-1,cmnuo3r9o02ygog792njrwewj,EMPTY_PATH,audio,https://mmg.whatsapp.net/v/t62.7117-24/596948678_1663178701346589_1691154433316934079_n.enc?ccb=11-4&oh=01_Q5Aa4AF4czl449Nj-KfuWkWSryFZvoC04fo3o5NWNt6yo2F0LA&oe=69ED1230&_nc_sid=5e03e0&mms3=true
batch-1,cmnuo3r7c01vfog793z4wmyv4,EMPTY_PATH,audio,https://mmg.whatsapp.net/v/t62.7117-24/557834012_2172181786934481_8255348825870019447_n.enc?ccb=11-4&oh=01_Q5Aa4AG38EfeO1CUSYnrgSCVbnQce3Ze85-yRstfhKN5f1d2lA&oe=69ED14C8&_nc_sid=5e03e0&mms3=true
batch-1,cmnuo3r7n020iog79rcn6aro5,EMPTY_PATH,audio,https://mmg.whatsapp.net/v/t62.7117-24/614232357_1551643579231728_6176640858731244964_n.enc?ccb=11-4&oh=01_Q5Aa4AG9CYQRxGPezExqxAhEjJeI77kpYPWC-iR7NU6DNTLvKw&oe=69ED0C2F&_nc_sid=5e03e0&mms3=true
batch-1,cmnuo3r7n020jog797n0ao5vs,EMPTY_PATH,audio,https://mmg.whatsapp.net/v/t62.7117-24/659264675_26123717567270237_6112978934893287669_n.enc?ccb=11-4&oh=01_Q5Aa4AGoISkdHgxqy3E16FAj0CuX_K0KiwLTqv8bicBVeaofqg&oe=69ED0881&_nc_sid=5e03e0&mms3=true
batch-1,cmnuo3r7n020kog79q8d37011,EMPTY_PATH,audio,https://mmg.whatsapp.net/v/t62.7117-24/564094523_1853835792240387_4688893395748431736_n.enc?ccb=11-4&oh=01_Q5Aa4AGd9QVg4EL9Wm2GABkjRjRJQT-78iZr4HDfLhIL2UMjQw&oe=69ED182E&_nc_sid=5e03e0&mms3=true
batch-1,cmnuo3r7n020log79zvezvmga,EMPTY_PATH,audio,https://mmg.whatsapp.net/v/t62.7117-24/550085348_958799313158257_6803066043590567466_n.enc?ccb=11-4&oh=01_Q5Aa4AHqn0rLz8PR0rYzlmuyv_z2088ZzehY6bVPBbT5Z4lU7g&oe=69ED09CF&_nc_sid=5e03e0&mms3=true
batch-1,cmnuo3r7n020mog79w9ogylhs,EMPTY_PATH,audio,https://mmg.whatsapp.net/v/t62.7117-24/563007969_818775027967730_6189882616418522401_n.enc?ccb=11-4&oh=01_Q5Aa4AEyXYIMmpUhcpwlZF7TxnRK0sL7M09cNfsNBCNGFYYoWw&oe=69ED3520&_nc_sid=5e03e0&mms3=true
batch-1,cmnuo3r7d01vgog79sjwntct4,EMPTY_PATH,audio,https://mmg.whatsapp.net/v/t62.7117-24/610565271_1001528612825960_2741795688276204407_n.enc?ccb=11-4&oh=01_Q5Aa4AF4-GewaUjJMohfRM3pMVpSX1DC_Shp0eXdgzLr3xXMTQ&oe=69ED28DE&_nc_sid=5e03e0&mms3=true
batch-1,cmnuo3r9o02yhog79w5b8d2mo,EMPTY_PATH,audio,https://mmg.whatsapp.net/v/t62.7117-24/596483029_922719277224279_2446559886866042666_n.enc?ccb=11-4&oh=01_Q5Aa4AF1tzTWoZHNWyBUHYPZ86DmVMM9I9j2Zs3Rk90Bwt2Z4w&oe=69ED0B20&_nc_sid=5e03e0&mms3=true
batch-1,cmnuo3r8802bqog799kjpmn50,EMPTY_PATH,audio,https://mmg.whatsapp.net/v/t62.7117-24/558717947_1178894750848935_5824018961774003387_n.enc?ccb=11-4&oh=01_Q5Aa4AGH0kVKYUB95K-aJBZ5LxWjSdV_GYagMMte0T2R49FLbg&oe=69ED122A&_nc_sid=5e03e0&mms3=true
batch-1,cmnuo3r8802brog79vcmm6nl2,EMPTY_PATH,audio,https://mmg.whatsapp.net/v/t62.7117-24/544570185_1476559217351118_1357344430033628662_n.enc?ccb=11-4&oh=01_Q5Aa4AEESFbZPn2y1OSjVgg-wU1OcuwI5cX_vBL0UdmVRdfiZQ&oe=69ED1351&_nc_sid=5e03e0&mms3=true
batch-1,cmnuo3r9o02yiog793a9l9ef0,EMPTY_PATH,audio,https://mmg.whatsapp.net/v/t62.7117-24/545495406_1101438218833314_7613105204215097547_n.enc?ccb=11-4&oh=01_Q5Aa4AG0W4MNL5IjqGA54j9pQqV4qcXXXwr014Ss3QiMhL7n1Q&oe=69ECF358&_nc_sid=5e03e0&mms3=true
batch-1,cmnuo3r9g02u1og79vtl26b4k,EMPTY_PATH,audio,https://mmg.whatsapp.net/v/t62.7117-24/557722428_1446015797315471_2701184881133709714_n.enc?ccb=11-4&oh=01_Q5Aa4AHOdL31tboYdyOAl-9tIQCNB34oiaDT6KugXs-GGWuAUg&oe=69ECE8E8&_nc_sid=5e03e0&mms3=true
batch-1,cmnuo3r8x02lgog79knli013b,EMPTY_PATH,audio,https://mmg.whatsapp.net/v/t62.7117-24/544809987_966703305799949_7653802605244347979_n.enc?ccb=11-4&oh=01_Q5Aa4AFWiNqk0mJris0fyeWs_E0p6Kn4HjZB0-f5r8DvLKXnpQ&oe=69ED1988&_nc_sid=5e03e0&mms3=true
batch-1,cmnuo3r9g02u2og796tadugfn,EMPTY_PATH,audio,https://mmg.whatsapp.net/v/t62.7117-24/543820688_1286160270060086_3101362243229184838_n.enc?ccb=11-4&oh=01_Q5Aa4AF0JUHcERQJ8Rm329ZMrrt1Uzmgefka-iIdKO2q3WN9lA&oe=69ED016B&_nc_sid=5e03e0&mms3=true
batch-1,cmnuo3r7n020nog79oa70stix,EMPTY_PATH,audio,https://mmg.whatsapp.net/v/t62.7117-24/548427672_1624919258782408_6425924889304948847_n.enc?ccb=11-4&oh=01_Q5Aa4AGXjaAoVIsdAgFnLVr5LQfIG_JdCzJfBwMridh_OAEX6Q&oe=69ED129F&_nc_sid=5e03e0&mms3=true
batch-1,cmnuo3r8x02lhog7956cym4tl,EMPTY_PATH,audio,https://mmg.whatsapp.net/v/t62.7117-24/659103141_1219882613561997_4534860384980983841_n.enc?ccb=11-4&oh=01_Q5Aa4AFgTaOoIDjlpu_cVisWZS95q9RoX5Ds3GDyateT5FZ-zw&oe=69ECF271&_nc_sid=5e03e0&mms3=true
batch-1,cmnuo3r7n020oog79vuovsmxh,EMPTY_PATH,audio,https://mmg.whatsapp.net/v/t62.7117-24/546417457_1149220143918761_5725147751342844774_n.enc?ccb=11-4&oh=01_Q5Aa4AHCHtbOxmV0MpQaVYA9TAuliNl0Lco4djrjv0YKwjm9lw&oe=69ECF2FA&_nc_sid=5e03e0&mms3=true
batch-1,cmnuo3r7n020pog79men84izz,EMPTY_PATH,audio,https://mmg.whatsapp.net/v/t62.7117-24/584403151_1468875288102088_8705718906276242433_n.enc?ccb=11-4&oh=01_Q5Aa4AEOGD_TkKZwDy4ngm52zHmYm2ehNEON8s7kKF6KeK866A&oe=69ECF0E5&_nc_sid=5e03e0&mms3=true
batch-1,cmnuo3r7d01vhog795owc6xhw,EMPTY_PATH,audio,https://mmg.whatsapp.net/v/t62.7117-24/557661497_926105790421138_8236019849226786038_n.enc?ccb=11-4&oh=01_Q5Aa4AG-J1jOt8FFFuPGpujNKwU2hVc-broAxVg8tugsiXtd1g&oe=69ED0291&_nc_sid=5e03e0&mms3=true
batch-1,cmnuo3r7d01viog7913lggk47,EMPTY_PATH,audio,https://mmg.whatsapp.net/v/t62.7117-24/545912452_2130124297754882_641123864299219760_n.enc?ccb=11-4&oh=01_Q5Aa4AFHLkg0j9CyFThF2blHfPmWhm0AjXSgDbREJCqO2Nfz8g&oe=69ED000B&_nc_sid=5e03e0&mms3=true
batch-1,cmnuo3r7d01vjog79rwtxpak1,EMPTY_PATH,audio,https://mmg.whatsapp.net/v/t62.7117-24/614235440_1457506045752071_7685195484766644006_n.enc?ccb=11-4&oh=01_Q5Aa4AFvZZYRwpLWrdzCkIMcBJ3V2cUnxshC7pK-LTo94gi6Tw&oe=69ECEA58&_nc_sid=5e03e0&mms3=true
batch-1,cmnuo3r7d01vkog79rfyehezb,EMPTY_PATH,audio,https://mmg.whatsapp.net/v/t62.7117-24/543039825_951604807389216_5815901277595522408_n.enc?ccb=11-4&oh=01_Q5Aa4AGcAeOkngQVsZAIAvFddYszn72SI4GwA10UqVjTdiV9_A&oe=69ED010B&_nc_sid=5e03e0&mms3=true
batch-1,cmnuo3r8x02liog79v19jaqxi,EMPTY_PATH,image,https://mmg.whatsapp.net/v/t62.7118-24/556537700_2155680768533222_4767611473491610590_n.enc?ccb=11-4&oh=01_Q5Aa4AEkELDUbIILpOJ5Y7Dh0576noeK2pvimVPiJEwKCquoJw&oe=69ECFF7D&_nc_sid=5e03e0&mms3=true
batch-1,cmnuo3r7n020qog79rjdco0ce,EMPTY_PATH,audio,https://mmg.whatsapp.net/v/t62.7117-24/549294733_1558662418566944_2601187244808874884_n.enc?ccb=11-4&oh=01_Q5Aa4AE-wGWbl6cPhcXH3j_yrOGQiDMXsoZ0MeXZSZ_5DEP0aA&oe=69ECCCD2&_nc_sid=5e03e0&mms3=true
batch-1,cmnuo3r9g02u3og79b43b7yr2,EMPTY_PATH,audio,https://mmg.whatsapp.net/v/t62.7117-24/546052977_4208583132805477_4686798448752986682_n.enc?ccb=11-4&oh=01_Q5Aa4AFLJlX8RxWozPKE7qS4p3GYofxE-1Ba-72X7RXDIKx5EQ&oe=69ECD406&_nc_sid=5e03e0&mms3=true
batch-1,cmnuo3r9g02u4og7901s9xxwr,EMPTY_PATH,audio,https://mmg.whatsapp.net/v/t62.7117-24/543941782_937292962330572_1336741815554943052_n.enc?ccb=11-4&oh=01_Q5Aa4AES3guBaWZrbiKq5YsDXZxzl_LaktgM-Dx32YJkXqJ6pA&oe=69ECEF2F&_nc_sid=5e03e0&mms3=true
batch-1,cmnuo3r9g02u5og790qjr2og2,EMPTY_PATH,audio,https://mmg.whatsapp.net/v/t62.7117-24/544370462_699992689870957_7245177975322738252_n.enc?ccb=11-4&oh=01_Q5Aa4AGodVf0oIahQB8zPlk3ar9kDUEYMusnt8Sq9zTths2QQA&oe=69ECEEE3&_nc_sid=5e03e0&mms3=true
batch-1,cmnuo3r7n020rog79qwyeny4l,EMPTY_PATH,audio,https://mmg.whatsapp.net/v/t62.7117-24/546086079_1277497794338993_687366306667661569_n.enc?ccb=11-4&oh=01_Q5Aa4AER7rZyaFZNDZAK7DIh4CG5vVmLYKadj3yYdY9mQau1Aw&oe=69ECD122&_nc_sid=5e03e0&mms3=true
batch-1,cmnuo3r7n020sog792gh2808n,EMPTY_PATH,audio,https://mmg.whatsapp.net/v/t62.7117-24/612764785_1113752167575349_2419349051426493022_n.enc?ccb=11-4&oh=01_Q5Aa4AHqVGo39onccxpSajskmff_RCkfsKNHsay6rkvP85Hsug&oe=69ECC65F&_nc_sid=5e03e0&mms3=true
batch-1,cmnuo3r7n020tog796l9tveyh,EMPTY_PATH,image,https://mmg.whatsapp.net/v/t62.7118-24/659005062_4257312671184648_5196724247062259110_n.enc?ccb=11-4&oh=01_Q5Aa4AGgYrqApYaYSZ2TD9nqBWY2HmTOYM68Nqbns7AvCH__tQ&oe=69ECFD21&_nc_sid=5e03e0&mms3=true
batch-1,cmnuo3r7n020uog79ck0omu0w,EMPTY_PATH,audio,https://mmg.whatsapp.net/v/t62.7117-24/659481167_1654714575841679_6157302808385469163_n.enc?ccb=11-4&oh=01_Q5Aa4AG7aiZNgLlUKcvQ-sECXCot_0LLbIRM2RMDVteVnQxTPw&oe=69ECC975&_nc_sid=5e03e0&mms3=true
batch-1,cmnuo3r9g02u6og793zpaayvb,EMPTY_PATH,audio,https://mmg.whatsapp.net/v/t62.7117-24/610466956_1668355187678400_922789216923557232_n.enc?ccb=11-4&oh=01_Q5Aa4AEUbT8944zrxf4aKtujVPKz8Lig2cuqWV3wFrmF5GLnZg&oe=69ECF6DA&_nc_sid=5e03e0&mms3=true
batch-1,cmnuo3r9802qfog79gmd164r1,EMPTY_PATH,audio,https://mmg.whatsapp.net/v/t62.7117-24/559419096_776756395229508_1380161676639454260_n.enc?ccb=11-4&oh=01_Q5Aa4AHjqqOzszUoaMzeF4Z6I_gzIVebH7bwy7gDYLVpw0zlCA&oe=69ECD238&_nc_sid=5e03e0&mms3=true
batch-1,cmnuo3r9g02u7og79vec6y7sh,EMPTY_PATH,audio,https://mmg.whatsapp.net/v/t62.7117-24/544101932_1227712852721963_60860601960513311_n.enc?ccb=11-4&oh=01_Q5Aa4AFzRWsPLWRRBf9ZkFJ58M5omjjdn3qGqdnkg1TCInsmEg&oe=69ECBF69&_nc_sid=5e03e0&mms3=true
batch-1,cmnuo3r8x02ljog797wjyw0cn,EMPTY_PATH,audio,https://mmg.whatsapp.net/v/t62.7117-24/557715023_786952687431991_940969059172582985_n.enc?ccb=11-4&oh=01_Q5Aa4AGbCrTKJhFTNCZJNBZz_ngt__UhDA-_gf7fkgfzXMniQg&oe=69ECE8DD&_nc_sid=5e03e0&mms3=true
batch-1,cmnuo3r9802qgog79rps1ubgt,EMPTY_PATH,audio,https://mmg.whatsapp.net/v/t62.7117-24/615974591_793296673403642_5767071307806735850_n.enc?ccb=11-4&oh=01_Q5Aa4AEBDgT5SgDfEMnrgIpGNYchl5f0kNaQDELXLu-L8T9_qg&oe=69ECD4F9&_nc_sid=5e03e0&mms3=true
batch-1,cmnuo3r8802bsog798mezq8vu,EMPTY_PATH,audio,https://mmg.whatsapp.net/v/t62.7117-24/546081849_1273749068018410_1653260357420319514_n.enc?ccb=11-4&oh=01_Q5Aa4AFV-TXDfN5G25k7vVhIWGjqNTRTbmRzxHIlRq5gb2ZTHA&oe=69EC9236&_nc_sid=5e03e0&mms3=true
batch-1,cmnuo3r9g02u8og79jk226pa0,EMPTY_PATH,audio,https://mmg.whatsapp.net/v/t62.7117-24/543849677_1286334860044601_1093933621022046425_n.enc?ccb=11-4&oh=01_Q5Aa4AEDVg0dYJZEmIPqYxbOJz7Kh-0xVOlnycwDX_tNlh4uiQ&oe=69EC91F3&_nc_sid=5e03e0&mms3=true
batch-1,cmnuo3rc00382og79cybrxhy3,EMPTY_PATH,audio,https://mmg.whatsapp.net/v/t62.7117-24/556069455_1253054373616384_3169628491192395263_n.enc?ccb=11-4&oh=01_Q5Aa4AHvChDFr4RI878rITab2vBKYmge0I_JUN-EWNMLDnDGEg&oe=69ECAFCF&_nc_sid=5e03e0&mms3=true
batch-1,cmnuo3r7v024mog79b1kuo8g4,EMPTY_PATH,audio,https://mmg.whatsapp.net/v/t62.7117-24/548790116_942617738518109_6914678419023346801_n.enc?ccb=11-4&oh=01_Q5Aa4AFFVGe0Rv3hmAm_kHr-W783c4cBTVXApjqcyoZ3_4dzPw&oe=69EC6761&_nc_sid=5e03e0&mms3=true
batch-1,cmnuo3rbs036xog797hicac0z,EMPTY_PATH,audio,https://mmg.whatsapp.net/v/t62.7117-24/609172292_799063659459202_7624658887138328831_n.enc?ccb=11-4&oh=01_Q5Aa4AHmQCIpGWZoRR_HStJE3vU3IdZ9ElRrKYSzSmz-1nRwmA&oe=69EC4583&_nc_sid=5e03e0&mms3=true
batch-1,cmnuo3r8t02jqog79eckyqffj,EMPTY_PATH,audio,https://mmg.whatsapp.net/v/t62.7117-24/546544817_1871067866930423_1294126548536881584_n.enc?ccb=11-4&oh=01_Q5Aa4AHbNhM8xvUXU607YFPtKD8lvBos69BwwAMXu3gWaKeTrw&oe=69EC4712&_nc_sid=5e03e0&mms3=true
batch-1,cmnuo3rbs036yog79jay0iso1,EMPTY_PATH,audio,https://mmg.whatsapp.net/v/t62.7117-24/610481463_802152945790982_6304555653660575309_n.enc?ccb=11-4&oh=01_Q5Aa4AGklqgEn9gNhsrOSb3kKwVRWQVp9NXCZQPyZuS0aut0Vg&oe=69EC1522&_nc_sid=5e03e0&mms3=true
batch-1,cmnuo3rbt036zog79234qdwd7,EMPTY_PATH,audio,https://mmg.whatsapp.net/v/t62.7117-24/607369522_1583213359403862_3745267298988817747_n.enc?ccb=11-4&oh=01_Q5Aa4AG1Ya6_DB40B3qk_Mtq3H2x2glBpf9LNWyR7JzVZ19u2A&oe=69EC2255&_nc_sid=5e03e0&mms3=true
batch-1,cmnuo3r9702pnog796hsl9871,EMPTY_PATH,audio,https://mmg.whatsapp.net/v/t62.7117-24/658981965_954256737564082_1074725665484120988_n.enc?ccb=11-4&oh=01_Q5Aa4AH55B7abi0x33E3oEGiQaUR68THXhToR8JGMerSWzTbmQ&oe=69EC2458&_nc_sid=5e03e0&mms3=true
batch-1,cmnuo3r7o020vog79p7c6toie,EMPTY_PATH,audio,https://mmg.whatsapp.net/v/t62.7117-24/559978769_1594152898461777_713410042935689331_n.enc?ccb=11-4&oh=01_Q5Aa4AE-_1pK3AhvZG3J-AvAPbhPFSQ35o95iu6srkiejeYUSg&oe=69EC3815&_nc_sid=5e03e0&mms3=true
batch-1,cmnuo3rbz037oog79ih9qkywj,EMPTY_PATH,audio,https://mmg.whatsapp.net/v/t62.7117-24/546070672_1262378555363725_3825644156853716681_n.enc?ccb=11-4&oh=01_Q5Aa4AGhVCqubqh8OVujccD61ElBIxv-gialOsu67_sYxVLvgw&oe=69EC1266&_nc_sid=5e03e0&mms3=true
batch-1,cmnuo3rbz037pog79g15yv7oj,EMPTY_PATH,audio,https://mmg.whatsapp.net/v/t62.7117-24/597768170_3831177703854816_8550102561411828848_n.enc?ccb=11-4&oh=01_Q5Aa4AFouOZBp5rF4UOGFvxntTtkxg8Ql-70_f1gU2QuiUsiXQ&oe=69EC1409&_nc_sid=5e03e0&mms3=true
batch-1,cmnuo3rbz037qog79qqs6ldj7,EMPTY_PATH,audio,https://mmg.whatsapp.net/v/t62.7117-24/611329068_1197052812311318_1275180795009879942_n.enc?ccb=11-4&oh=01_Q5Aa4AFn2syW_KiDkapGmhKJ418JB5Qt7aK-JVGPipQ_e8auaw&oe=69EC111A&_nc_sid=5e03e0&mms3=true
batch-1,cmnuo3r7v024nog79swrr21jj,EMPTY_PATH,audio,https://mmg.whatsapp.net/v/t62.7117-24/606446667_2198047814263374_7279990088731782938_n.enc?ccb=11-4&oh=01_Q5Aa4AH6SBfKaEs6AAnxtLUGaVutbbbHlm6ZGQAFO-LZt5-QCQ&oe=69EC44E7&_nc_sid=5e03e0&mms3=true
batch-1,cmnuo3rc00383og79vohksweu,EMPTY_PATH,audio,https://mmg.whatsapp.net/v/t62.7117-24/545967239_814583651081508_144456093186951080_n.enc?ccb=11-4&oh=01_Q5Aa4AG4JsILOG4HAO3e0lLLDRSaanFHSQzuHhuO44Y3YPhjVw&oe=69EC12AA&_nc_sid=5e03e0&mms3=true
batch-1,cmnuo3r7d01vlog79k5z7vsn0,EMPTY_PATH,audio,https://mmg.whatsapp.net/v/t62.7117-24/548497725_1541881850243205_3644616158362400055_n.enc?ccb=11-4&oh=01_Q5Aa4AH7jJD4dGeX9Cj30fKCk3ssK37n94AsJs2HYOZNPBfIfw&oe=69EC36B4&_nc_sid=5e03e0&mms3=true
batch-1,cmnuo3r7d01vmog79pzwi10k5,EMPTY_PATH,audio,https://mmg.whatsapp.net/v/t62.7117-24/546079307_2187671541970531_7495807214461121379_n.enc?ccb=11-4&oh=01_Q5Aa4AGymhSJ0SBa_wSldx9hHHPlyit55HYYRlFPDOH4Eb3fJQ&oe=69EC2EDE&_nc_sid=5e03e0&mms3=true
batch-1,cmnuo3r9p02yjog79e8ii46wj,EMPTY_PATH,audio,https://mmg.whatsapp.net/v/t62.7117-24/596502195_1445234363257588_7888694346941108036_n.enc?ccb=11-4&oh=01_Q5Aa4AEP0TL9lq_K5md8oI--vKcOR9mYGZG6CNP1jX_KaHkiZw&oe=69EC31B0&_nc_sid=5e03e0&mms3=true
batch-1,cmnuo3r8x02lkog79mmv11oh0,EMPTY_PATH,audio,https://mmg.whatsapp.net/v/t62.7117-24/561179520_1278238890937111_4125851773950082330_n.enc?ccb=11-4&oh=01_Q5Aa4AFRKoZ8qV040UwXFOoK8lqbiWweQTvqN--bUTnsq7tojg&oe=69EC0F23&_nc_sid=5e03e0&mms3=true
batch-1,cmnuo3r8t02jrog790wi4oflu,EMPTY_PATH,audio,https://mmg.whatsapp.net/v/t62.7117-24/610056611_2360395057765569_6202594651526950759_n.enc?ccb=11-4&oh=01_Q5Aa4AGEuA1sNUVbbAu52bm0xsuHxVtj3BhptPaFfkk3VNSzuA&oe=69EC22D5&_nc_sid=5e03e0&mms3=true
batch-1,cmnuo3r8t02jsog79p9oxe331,EMPTY_PATH,audio,https://mmg.whatsapp.net/v/t62.7117-24/610766177_1457017152688286_6816695055580996632_n.enc?ccb=11-4&oh=01_Q5Aa4AH7c3nokbqmsTZM9qHQK9Ipkzxm8tVmKbeBvmbNWZ1eeg&oe=69EC1790&_nc_sid=5e03e0&mms3=true
batch-1,cmnuo3r8t02jtog79bbu0tf3l,EMPTY_PATH,audio,https://mmg.whatsapp.net/v/t62.7117-24/545282107_944972838515220_7007851559780481182_n.enc?ccb=11-4&oh=01_Q5Aa4AF8zcrQylxtN9WhkyABNqvm2DVbpMEyj_dUsFj5oreWSQ&oe=69EC0951&_nc_sid=5e03e0&mms3=true
batch-1,cmnuo3r9802qhog79uxylj1u4,EMPTY_PATH,audio,https://mmg.whatsapp.net/v/t62.7117-24/610181138_710284722107739_2549000605113725794_n.enc?ccb=11-4&oh=01_Q5Aa4AFMNBNXo_qGVj4_9p-qUsr5RJUF8QE56CqU9GxFfjdsjw&oe=69EC2171&_nc_sid=5e03e0&mms3=true
batch-1,cmnuo3r9802qiog79575feexe,EMPTY_PATH,audio,https://mmg.whatsapp.net/v/t62.7117-24/561776342_945216507868660_6299857978619592248_n.enc?ccb=11-4&oh=01_Q5Aa4AGChUwYeEDmxgsM6rEak9VqianSZyOPv5d8Fb9RcG_vmQ&oe=69EC184C&_nc_sid=5e03e0&mms3=true
batch-1,cmnuo3r8t02juog79y8rsoel9,EMPTY_PATH,audio,https://mmg.whatsapp.net/v/t62.7117-24/549019669_1611460430181037_4058414349679689558_n.enc?ccb=11-4&oh=01_Q5Aa4AFUEcrfao95P4NssoeM76izA9iFmc9kmqIqe_yf1RyUJw&oe=69EC1102&_nc_sid=5e03e0&mms3=true
batch-1,cmnuo3r8x02llog7981pfavfg,EMPTY_PATH,audio,https://mmg.whatsapp.net/v/t62.7117-24/607298615_1505184861315856_3351734969075010783_n.enc?ccb=11-4&oh=01_Q5Aa4AFYXyPb5Rvj7ohlQGtYocC8Co11XB4E1jBa8ZB3lljcwg&oe=69EC0AFA&_nc_sid=5e03e0&mms3=true
batch-1,cmnuo3r9p02ykog79yg86904o,EMPTY_PATH,audio,https://mmg.whatsapp.net/v/t62.7117-24/557679049_868109562915135_7421392553752518715_n.enc?ccb=11-4&oh=01_Q5Aa4AEsIUHEJokj4gUO40lIej8qVrHYBNP9xOz3_BkxdOC0_g&oe=69EBF174&_nc_sid=5e03e0&mms3=true
batch-1,cmnuo3r7d01vnog79bxr1bcou,EMPTY_PATH,audio,https://mmg.whatsapp.net/v/t62.7117-24/544501959_948827558000453_2400114231486123847_n.enc?ccb=11-4&oh=01_Q5Aa4AG87ayGd0fPlyt66h7e-tdVlr8jqOuCj1BcXgsIxjg0Fg&oe=69EC067D&_nc_sid=5e03e0&mms3=true
batch-1,cmnuo3r7d01voog79fv0td8w6,EMPTY_PATH,audio,https://mmg.whatsapp.net/v/t62.7117-24/559502165_3357755457765380_443347771698301505_n.enc?ccb=11-4&oh=01_Q5Aa4AFcsJavY3oFpXEsd6eURuCMDkDlI90wHUt-Uy0ztDQBjg&oe=69EC0C6E&_nc_sid=5e03e0&mms3=true
batch-1,cmnuo3r7001p9og79e40x9pb8,EMPTY_PATH,audio,https://mmg.whatsapp.net/v/t62.7117-24/563863866_3064593807057030_98204622300833431_n.enc?ccb=11-4&oh=01_Q5Aa4AELChRBYL53dnU4y8FkBoUCY-Yd-_JlGZoZKH6WRrTgpg&oe=69EBF7F3&_nc_sid=5e03e0&mms3=true
batch-1,cmnuo3r7o020wog79yx7ptp3a,EMPTY_PATH,audio,https://mmg.whatsapp.net/v/t62.7117-24/597234865_1648053099729948_1603261750621074308_n.enc?ccb=11-4&oh=01_Q5Aa4AHmE6NBP-TFOOKrwkB8j8k87sT87RTE-YcwHeXvs2FCBA&oe=69EBDE60&_nc_sid=5e03e0&mms3=true
batch-1,cmnuo3r9702poog79h9bujwl9,EMPTY_PATH,audio,https://mmg.whatsapp.net/v/t62.7117-24/609952699_1260455549551249_5516622654808832575_n.enc?ccb=11-4&oh=01_Q5Aa4AGRHL-hUrVVrp9vRmqoW-SEDY0R_cyDhjn9O1tB6N1bYw&oe=69EBE567&_nc_sid=5e03e0&mms3=true
batch-2,cmnuo2dvt003hog79tizmkm4q,EMPTY_PATH,audio,https://mmg.whatsapp.net/v/t62.7114-24/548816174_3035381766662864_7200431546402255835_n.enc?ccb=11-4&oh=01_Q5Aa4AGZk17YZEIkdKjLBqyiB3MvB4moIN7bvgKcIxBm0bWD-w&oe=69F50B99&_nc_sid=5e03e0&mms3=true
batch-2,cmnuo3r8m02hlog79fltunp41,EMPTY_PATH,image,https://mmg.whatsapp.net/v/t62.7118-24/616376026_946403001585437_6045068082310770500_n.enc?ccb=11-4&oh=01_Q5Aa4AHu2QvS7QVVh9KlGqqUbeZv0Ks41f4XdIHxeVND3wQPkA&oe=69F3DE90&_nc_sid=5e03e0&mms3=true
batch-2,cmnuo3r7901trog79lv102rda,EMPTY_PATH,audio,https://mmg.whatsapp.net/v/t62.7114-24/548816174_3035381766662864_7200431546402255835_n.enc?ccb=11-4&oh=01_Q5Aa4AEIjM1s6CZgRwTEomJGM5rCQjsd0OlApjbsbNxAUnnILA&oe=69F1F819&_nc_sid=5e03e0&mms3=true
batch-2,cmnuo3r8e02egog79gjyns1cr,EMPTY_PATH,audio,https://mmg.whatsapp.net/v/t62.7117-24/614713392_2800791126927096_4798351881699711626_n.enc?ccb=11-4&oh=01_Q5Aa4AHbAgdBBDuFw9OsFCwDDQhUiw-f5KyPseHY5SYD7coUaw&oe=69F2697B&_nc_sid=5e03e0&mms3=true
batch-2,cmnuo3r9k02w0og79pe4axtb4,EMPTY_PATH,audio,https://mmg.whatsapp.net/v/t62.7117-24/614982769_1262692595383500_4935350271146050927_n.enc?ccb=11-4&oh=01_Q5Aa4AFvYAmoeZ0JBRu_IqBR_bsgg-S7y2VxrKtQ_iyn_Vn3ew&oe=69F2811D&_nc_sid=5e03e0&mms3=true
batch-2,cmnuo3r9h02upog79shh4bmda,EMPTY_PATH,audio,https://mmg.whatsapp.net/v/t62.7117-24/549219615_972762131854207_3964880676899584449_n.enc?ccb=11-4&oh=01_Q5Aa4AE0z-EH5tf4EgJ5shSWOLQklGuygFBxwFsYAP03yWy8KA&oe=69F26DC9&_nc_sid=5e03e0&mms3=true
batch-2,cmnuo3r84029nog79byyq8t6h,EMPTY_PATH,audio,https://mmg.whatsapp.net/v/t62.7117-24/563530557_26474676235500881_8262714925636276494_n.enc?ccb=11-4&oh=01_Q5Aa4AG-cz6OXx2Ga1lxlFVw1IppLQ28POZTSV38XP87ZQCObg&oe=69F275CB&_nc_sid=5e03e0&mms3=true
batch-2,cmnuo3r84029oog79pk5i4o0a,EMPTY_PATH,audio,https://mmg.whatsapp.net/v/t62.7117-24/548593515_914247011510398_2183327766616226421_n.enc?ccb=11-4&oh=01_Q5Aa4AFQAkn9kHhXN6kXjK0qpT7FgBRLMe1Fm2GyRGY26JVrww&oe=69F25AB9&_nc_sid=5e03e0&mms3=true
batch-2,cmnuo3r84029pog795jl7q36q,EMPTY_PATH,audio,https://mmg.whatsapp.net/v/t62.7117-24/541605446_1437085374181592_761232863338097066_n.enc?ccb=11-4&oh=01_Q5Aa4AHwwneGLttyDhjh_3prLbgLN1cevi_r_ho_HDnxXjHZyQ&oe=69F26B4D&_nc_sid=5e03e0&mms3=true
batch-2,cmnuo3r84029qog79thbz8j5l,EMPTY_PATH,audio,https://mmg.whatsapp.net/v/t62.7117-24/543207598_1460402002134853_2539464153433049024_n.enc?ccb=11-4&oh=01_Q5Aa4AHOJ3gGZ5r6lLxGDvq3JFtrNeHyUgNPYINF5BP3QUHXEA&oe=69F27AF5&_nc_sid=5e03e0&mms3=true
batch-2,cmnuo3r84029rog799xe09lp3,EMPTY_PATH,audio,https://mmg.whatsapp.net/v/t62.7117-24/584701665_971155048689096_1783417445102663358_n.enc?ccb=11-4&oh=01_Q5Aa4AH9_gNDWbfIVSOoXO7uCWTPHmS0OVPl8SCwCqAn6Ok0Pw&oe=69F2828A&_nc_sid=5e03e0&mms3=true
batch-2,cmnuo3r8e02ehog79zwwkuems,EMPTY_PATH,audio,https://mmg.whatsapp.net/v/t62.7117-24/612462632_1824901478184881_6271554518046986129_n.enc?ccb=11-4&oh=01_Q5Aa4AEfze1VPlnsoa_M9K3C0w3O09AOM6-WAwh53kvECahzVg&oe=69F25141&_nc_sid=5e03e0&mms3=true
batch-2,cmnuo3r8e02eiog798pfh3mg6,EMPTY_PATH,audio,https://mmg.whatsapp.net/v/t62.7117-24/609071605_2151936812237360_5952785150288588546_n.enc?ccb=11-4&oh=01_Q5Aa4AEx8zlYJ-3NVD6IaNgixKYKpgz9ge80qX4qa9LjzDaUtQ&oe=69F279E4&_nc_sid=5e03e0&mms3=true
batch-2,cmnuo3r84029uog79oc6zv03q,EMPTY_PATH,audio,https://mmg.whatsapp.net/v/t62.7117-24/605838579_1668854574288553_575674645445485630_n.enc?ccb=11-4&oh=01_Q5Aa4AGg3fqKQFYEdErtBRQ4K4tiYiuHL6dqucoRzduXUGAm_Q&oe=69F26C2C&_nc_sid=5e03e0&mms3=true
batch-2,cmnuo2dvz006eog796qmx1z2t,EMPTY_PATH,audio,https://mmg.whatsapp.net/v/t62.7117-24/541294892_1445018374032011_2703378506914347795_n.enc?ccb=11-4&oh=01_Q5Aa4AGsfvQw1lMqT4K7Cu8ATYxkJ8N5Njwr2bbu1h_wDiG6PQ&oe=69F27240&_nc_sid=5e03e0&mms3=true
batch-2,cmnuo3r7m01zuog79hxefuq0w,EMPTY_PATH,audio,https://mmg.whatsapp.net/v/t62.7117-24/613567321_2672406943134691_9040133624226815281_n.enc?ccb=11-4&oh=01_Q5Aa4AHgwcVe0RXtcOS9bZV9tZKP7JY_ZauFaRKjf5n4Wf2p4w&oe=69F24D84&_nc_sid=5e03e0&mms3=true
batch-2,cmnuo2dvz006fog798tlgg4xo,EMPTY_PATH,audio,https://mmg.whatsapp.net/v/t62.7117-24/616194322_796897036823988_6332633922409392639_n.enc?ccb=11-4&oh=01_Q5Aa4AEtc7s2sqicjN82fINV-y3rYqX3FyV7UUdCYKnGgncUIg&oe=69F23C70&_nc_sid=5e03e0&mms3=true
batch-2,cmnuo3rbd034mog79p5uhbkq1,EMPTY_PATH,audio,https://mmg.whatsapp.net/v/t62.7117-24/606072840_948756061386882_1963669741975666539_n.enc?ccb=11-4&oh=01_Q5Aa4AHTY2_PPX5zHnHclmkA2x6VbeMlwVnkbQdYyw0NLVOn5g&oe=69F23A43&_nc_sid=5e03e0&mms3=true
batch-2,cmnuo3rbd034nog792em5bmvs,EMPTY_PATH,audio,https://mmg.whatsapp.net/v/t62.7117-24/542694685_966267995861085_1582058038727890829_n.enc?ccb=11-4&oh=01_Q5Aa4AEq_sS17jnb-mTaWezJNWEVvQ8WOXM8TqyGSzEoXnpAKQ&oe=69F260B4&_nc_sid=5e03e0&mms3=true
batch-2,cmnuo2dvz006gog79qore3ybp,EMPTY_PATH,audio,https://mmg.whatsapp.net/v/t62.7117-24/545395343_1985905535328486_6318466403129442010_n.enc?ccb=11-4&oh=01_Q5Aa4AFHNAJaLjzpQSl-19wk4dnZwnO0BXeSoU0lyzYm_aInNg&oe=69F24AB0&_nc_sid=5e03e0&mms3=true
batch-2,cmnuo3rbd034xog79d4gxrr0n,EMPTY_PATH,audio,https://mmg.whatsapp.net/v/t62.7117-24/611839955_3128307114030385_5206843827886803777_n.enc?ccb=11-4&oh=01_Q5Aa4AHpwNHJNDAbUrP0_FWc3NT5xvesaib3KeUTuTrcSc2TFw&oe=69F25D8E&_nc_sid=5e03e0&mms3=true
batch-2,cmnuo3rbd0351og79db9g2yqu,EMPTY_PATH,audio,https://mmg.whatsapp.net/v/t62.7117-24/547822635_1456704293314870_784947750619182323_n.enc?ccb=11-4&oh=01_Q5Aa4AHpXmemseDmzRlaw12h-GRaZEK4nNvFZJFEHUpENKaU2A&oe=69F23C2B&_nc_sid=5e03e0&mms3=true
batch-2,cmnuo3rbd0352og79lem42drv,EMPTY_PATH,audio,https://mmg.whatsapp.net/v/t62.7117-24/617022881_2670042833378239_6504213521797256276_n.enc?ccb=11-4&oh=01_Q5Aa4AGNFHzdDmHae3naGBgjrVCCGhMcQwaV1kHe8jCZIi7GIw&oe=69F24B06&_nc_sid=5e03e0&mms3=true
batch-2,cmnuo3rbc034cog797s5dnfxp,EMPTY_PATH,audio,https://mmg.whatsapp.net/v/t62.7117-24/549023405_780151238228491_4590371707683969648_n.enc?ccb=11-4&oh=01_Q5Aa4AHZ_GI5pOBIaYy0xJVI1WuColQEZVwI4-iQRMbCcD8nSQ&oe=69F23203&_nc_sid=5e03e0&mms3=true
batch-2,cmnuo3r9k02w1og79erlnjfd5,EMPTY_PATH,audio,https://mmg.whatsapp.net/v/t62.7117-24/585509442_922791327397266_7497080563177800182_n.enc?ccb=11-4&oh=01_Q5Aa4AEVW_C4FrbEcF9xXTmv-SJccwp1bNVkj0xwlqD7fUu6pA&oe=69F250C9&_nc_sid=5e03e0&mms3=true
batch-2,cmnuo3r84029vog79rvylurvw,EMPTY_PATH,audio,https://mmg.whatsapp.net/v/t62.7117-24/548495797_1305126858278594_4188754340367591708_n.enc?ccb=11-4&oh=01_Q5Aa4AEeV2WNH1NweSuFiSXE1OeLXCg8rWhE9i3kvbwSl-j1fw&oe=69F246B0&_nc_sid=5e03e0&mms3=true
batch-2,cmnuo3r84029wog79s56cr7v6,EMPTY_PATH,audio,https://mmg.whatsapp.net/v/t62.7117-24/542822272_912080431662876_2649881717732931166_n.enc?ccb=11-4&oh=01_Q5Aa4AGbRbflS0W0dk4yXxRbSk9Bksev4klWqockEZNVwhLaCA&oe=69F22E87&_nc_sid=5e03e0&mms3=true
batch-2,cmnuo3r84029xog79my6knl2y,EMPTY_PATH,audio,https://mmg.whatsapp.net/v/t62.7117-24/613402499_861999043524665_9214913361073094660_n.enc?ccb=11-4&oh=01_Q5Aa4AEoUSeDRs23Y8eYe86xonOA_2yYV6xCKVL-eXaG1xEmkw&oe=69F223F1&_nc_sid=5e03e0&mms3=true
batch-2,cmnuo3rbc034dog79qsoh25mf,EMPTY_PATH,audio,https://mmg.whatsapp.net/v/t62.7117-24/597022062_2270166183512222_64439804469200132_n.enc?ccb=11-4&oh=01_Q5Aa4AEG2n9ms5qOhjhvGaNJATs4lkHTzX2nTpw3hCY7_zwfoQ&oe=69F233B0&_nc_sid=5e03e0&mms3=true
batch-2,cmnuo3rbc034eog7976d81s2k,EMPTY_PATH,audio,https://mmg.whatsapp.net/v/t62.7117-24/615255663_903461126028309_375807259634002571_n.enc?ccb=11-4&oh=01_Q5Aa4AHOGOvSn6FE6edaKjrjWhKEJ1iGqfLbmeik3TRUmJuofQ&oe=69F22B9A&_nc_sid=5e03e0&mms3=true
batch-2,cmnuo3r9802qbog79vrm1zd96,EMPTY_PATH,audio,https://mmg.whatsapp.net/v/t62.7117-24/612768004_957192843429617_1151088919425863502_n.enc?ccb=11-4&oh=01_Q5Aa4AFzNfm6aQGgtpvAiyVUWhTQY00mB7ueN3cynO-EgEHB4w&oe=69F22DE9&_nc_sid=5e03e0&mms3=true
batch-2,cmnuo3rbc0347og79t74wa2t1,EMPTY_PATH,audio,https://mmg.whatsapp.net/v/t62.7117-24/612770521_741367658944375_6943276881462170478_n.enc?ccb=11-4&oh=01_Q5Aa4AHjWXRG3CNkuAZLMIZyfaNseJO4ejHzEF4JQoebJhpO7Q&oe=69F22436&_nc_sid=5e03e0&mms3=true
batch-2,cmnuo3rbc0348og79eiuqdl60,EMPTY_PATH,audio,https://mmg.whatsapp.net/v/t62.7117-24/550064723_1259679222969060_3764784267419472412_n.enc?ccb=11-4&oh=01_Q5Aa4AFgw6BnpbQNn7WYmHQETFDaba56_4BQub4QAGgue7ON9A&oe=69F223D5&_nc_sid=5e03e0&mms3=true
batch-2,cmnuo3rbc0349og79qrtyxig2,EMPTY_PATH,audio,https://mmg.whatsapp.net/v/t62.7117-24/544605850_829483520202139_2657894730720359176_n.enc?ccb=11-4&oh=01_Q5Aa4AGXIf3pDYFCvkaivf-GqtRRiu_SxYIWu_VmL_HI8Szr6w&oe=69F217C6&_nc_sid=5e03e0&mms3=true
batch-2,cmnuo3rbc034fog798edvas1o,EMPTY_PATH,audio,https://mmg.whatsapp.net/v/t62.7117-24/546475724_825938760594443_4387064247784173830_n.enc?ccb=11-4&oh=01_Q5Aa4AGOejEDkcu9_mDC498AAQPJzL4-v7Mny17Uo6ySzd80nQ&oe=69F22357&_nc_sid=5e03e0&mms3=true
batch-2,cmnuo3rbc034aog79ds34jg37,EMPTY_PATH,audio,https://mmg.whatsapp.net/v/t62.7117-24/613372965_1090416796623236_4150572950169833131_n.enc?ccb=11-4&oh=01_Q5Aa4AGHt0m98rZcczoRwkWDh01nA2k47hQheC5PAkjBm75OLQ&oe=69F20A97&_nc_sid=5e03e0&mms3=true
batch-2,cmnuo3rbd034oog791wbdlncx,EMPTY_PATH,audio,https://mmg.whatsapp.net/v/t62.7117-24/614737642_936831278756341_4074590287467802457_n.enc?ccb=11-4&oh=01_Q5Aa4AFj06C5utZnuOnGQ2jSrp6n8XmNgVSMWZmc6OiTvomkUQ&oe=69F2245A&_nc_sid=5e03e0&mms3=true
batch-2,cmnuo3r9802qcog79s305rj87,EMPTY_PATH,audio,https://mmg.whatsapp.net/v/t62.7117-24/550088136_1632090647707859_5968573016497145852_n.enc?ccb=11-4&oh=01_Q5Aa4AG_5lqEWnziZdk8IOS7jgPza4kI5b8GCdCYZ5l9BxtSxA&oe=69F20040&_nc_sid=5e03e0&mms3=true
batch-2,cmnuo3rbc034gog798nbgjyry,EMPTY_PATH,audio,https://mmg.whatsapp.net/v/t62.7117-24/594440801_1692014181807442_4128240035384628292_n.enc?ccb=11-4&oh=01_Q5Aa4AEzlSNlUC1abJg3zKP_bo0ztyD_ZSbzc-sGVvKl7O6ctg&oe=69F208C9&_nc_sid=5e03e0&mms3=true
batch-2,cmnuo3rbc034hog79cfpc6ofm,EMPTY_PATH,audio,https://mmg.whatsapp.net/v/t62.7117-24/545076709_5271498533075891_3926182345277600525_n.enc?ccb=11-4&oh=01_Q5Aa4AEl3eUhxCyYXMYrrOuG6cXWv8rpoyhXxS_1Lnwrp_MQ9g&oe=69F21845&_nc_sid=5e03e0&mms3=true
batch-2,cmnuo3rbd034iog79i9ksanq5,EMPTY_PATH,audio,https://mmg.whatsapp.net/v/t62.7117-24/544084354_1258298413114107_2329391999346058994_n.enc?ccb=11-4&oh=01_Q5Aa4AFzak5-u-HZT05aj89rvdjlPUPpz_z4iOklf5TwLzggig&oe=69F225E2&_nc_sid=5e03e0&mms3=true
batch-2,cmnuo3rbd034jog79sukv048u,EMPTY_PATH,audio,https://mmg.whatsapp.net/v/t62.7117-24/614652779_1372955508185342_5908110860610734545_n.enc?ccb=11-4&oh=01_Q5Aa4AErvETyUdIw7obBIH1xHWZl57NQliKrf6F_yXLfX0mNvg&oe=69F1FB0C&_nc_sid=5e03e0&mms3=true
batch-2,cmnuo3rbd034kog790jlervgl,EMPTY_PATH,audio,https://mmg.whatsapp.net/v/t62.7117-24/596628985_1716542272670307_4858351648328198956_n.enc?ccb=11-4&oh=01_Q5Aa4AFPk1FntzA5ABU2HuPyjCyxjqzXGnwhk0tXjUomLQh03Q&oe=69F1F301&_nc_sid=5e03e0&mms3=true
batch-2,cmnuo3rbd034log79e4tiw1gh,EMPTY_PATH,audio,https://mmg.whatsapp.net/v/t62.7117-24/545418125_931872663225191_6100617451913204991_n.enc?ccb=11-4&oh=01_Q5Aa4AEKPpvI7ttfMLz6Uopw62iDAWUDPk_6ezyXrzdPvejXLw&oe=69F20F4D&_nc_sid=5e03e0&mms3=true
batch-2,cmnuo3rbc034bog79ct7bx5pu,EMPTY_PATH,audio,https://mmg.whatsapp.net/v/t62.7117-24/584909881_1516070836763391_6494922373649637411_n.enc?ccb=11-4&oh=01_Q5Aa4AE-Y7XvkIUAtH3TtKaezOviO4LjMVBA0lK6eKtXHtUoCw&oe=69F20399&_nc_sid=5e03e0&mms3=true
batch-2,cmnuo3rbd034pog79ynxczoei,EMPTY_PATH,audio,https://mmg.whatsapp.net/v/t62.7117-24/550281496_1420680529273353_5678812370517449315_n.enc?ccb=11-4&oh=01_Q5Aa4AGjLcpmiu4FMBh6LAiv07oZ7kHs93butk_iFO8E1a26uA&oe=69F1F7DC&_nc_sid=5e03e0&mms3=true
batch-2,cmnuo3rbd034qog79nd5rpp1s,EMPTY_PATH,audio,https://mmg.whatsapp.net/v/t62.7117-24/546299638_1271975797759412_88105304637016411_n.enc?ccb=11-4&oh=01_Q5Aa4AEyTiDxCoGd_XjF48l-B8SEfKyoeU-o-Yv6s0xLjUbHQw&oe=69F1FF0A&_nc_sid=5e03e0&mms3=true
batch-2,cmnuo3r7a01u5og79q89yd2z1,EMPTY_PATH,audio,https://mmg.whatsapp.net/v/t62.7117-24/596593587_2035396000745649_3100823200107477855_n.enc?ccb=11-4&oh=01_Q5Aa4AHue4J_iIwt9SPoEVH3Jf0VhsNaKs5zBT9rQRCcdBIImA&oe=69F21801&_nc_sid=5e03e0&mms3=true
batch-2,cmnuo3r84029yog798su6bkrx,EMPTY_PATH,audio,https://mmg.whatsapp.net/v/t62.7117-24/614736858_1322941262980377_6214164718726146180_n.enc?ccb=11-4&oh=01_Q5Aa4AFpbxtk9NIalyCP2oIpwjKQoShspkBqDoaDE9l71hQqzQ&oe=69F2113C&_nc_sid=5e03e0&mms3=true
batch-2,cmnuo3r84029zog794ij6dvx1,EMPTY_PATH,audio,https://mmg.whatsapp.net/v/t62.7117-24/612835838_2003556037250455_7825939477817096384_n.enc?ccb=11-4&oh=01_Q5Aa4AF76vK7Nb1gVq-xdOU2d-ob5M7yXRAuLbW--lp5FTFL7g&oe=69F2192B&_nc_sid=5e03e0&mms3=true
batch-2,cmnuo3r8402a0og798qunljto,EMPTY_PATH,audio,https://mmg.whatsapp.net/v/t62.7117-24/613995885_874692935596846_238036848550583278_n.enc?ccb=11-4&oh=01_Q5Aa4AF53GOeqbIDEGYTLqfZumNEK7jf_kICG96jptg6D9WVCQ&oe=69F21F94&_nc_sid=5e03e0&mms3=true
batch-2,cmnuo3r7401rdog79chg29f6u,EMPTY_PATH,image,https://mmg.whatsapp.net/v/t62.7118-24/605898072_1016840881517826_2925726801568679399_n.enc?ccb=11-4&oh=01_Q5Aa4AEEwfI5EfqfQXjXlLngoYmkFp0QPgsJM0IYzuwrGquSUQ&oe=69F20827&_nc_sid=5e03e0&mms3=true
batch-2,cmnuo3r7401rfog79p1g7esn5,EMPTY_PATH,image,https://mmg.whatsapp.net/v/t62.7118-24/545518193_1923224661673613_6006659212753070071_n.enc?ccb=11-4&oh=01_Q5Aa4AFKxiNJ6isYzenDn3jM9D2Q-gwShbyF7iMi6NzQDqT-Lg&oe=69F2083B&_nc_sid=5e03e0&mms3=true
batch-2,cmnuo3r7901ttog79lldehyjf,EMPTY_PATH,audio,https://mmg.whatsapp.net/v/t62.7114-24/548816174_3035381766662864_7200431546402255835_n.enc?ccb=11-4&oh=01_Q5Aa4AEIjM1s6CZgRwTEomJGM5rCQjsd0OlApjbsbNxAUnnILA&oe=69F1F819&_nc_sid=5e03e0&mms3=true
batch-2,cmnuo3r8502a1og79syvb8sje,EMPTY_PATH,image,https://mmg.whatsapp.net/v/t62.7118-24/543098981_26442097558719686_8045709845933228978_n.enc?ccb=11-4&oh=01_Q5Aa4AE7kBP2T9rHkkzcyeRxkbJT3Gn45pMEQvbRr7DefIGWYg&oe=69F212D8&_nc_sid=5e03e0&mms3=true
batch-2,cmnuo3r8502a2og79k0xf343r,EMPTY_PATH,image,https://mmg.whatsapp.net/v/t62.7118-24/549579490_935810612651863_7066781767028485470_n.enc?ccb=11-4&oh=01_Q5Aa4AGpkfwOwjF0WA8yJTishRXeb3NNpA2USmp-y3O_U_QKsw&oe=69F1FBC7&_nc_sid=5e03e0&mms3=true
batch-2,cmnuo3r7m01zvog79zqq2mwre,EMPTY_PATH,audio,https://mmg.whatsapp.net/v/t62.7117-24/584974740_849473170885737_1977639518883246123_n.enc?ccb=11-4&oh=01_Q5Aa4AGE89AZjSQj_W1F_hYi-s7ju_4xiIObt_8WFvLiFjPUeQ&oe=69F1E8CC&_nc_sid=5e03e0&mms3=true
batch-2,cmnuo3r9c02s1og796fo15nvl,EMPTY_PATH,image,https://mmg.whatsapp.net/v/t62.7118-24/614143983_1137393561813723_8096095980280998770_n.enc?ccb=11-4&oh=01_Q5Aa4AHhuijGRpWHK2VdqsAPpEM8mC7l_PnvXNlBQCOVkAbNRA&oe=69F1F065&_nc_sid=5e03e0&mms3=true
batch-2,cmnuo3r9o02yfog793x8wkhzj,EMPTY_PATH,audio,https://mmg.whatsapp.net/v/t62.7117-24/612011367_4460919120820301_1821439429019330390_n.enc?ccb=11-4&oh=01_Q5Aa4AHcCLusJs2T2pFrDuBetvTCCCHT9fzULG8aVWNxIWURrQ&oe=69F1C2C4&_nc_sid=5e03e0&mms3=true
batch-2,cmnuo3r7u0241og797n0f04lx,EMPTY_PATH,audio,https://mmg.whatsapp.net/v/t62.7117-24/612276385_1211294884409503_6832002909597197841_n.enc?ccb=11-4&oh=01_Q5Aa4AHIOsOBcqX5S4SD79DGJcYiiUt0fhaEVgUjGzKP_uy_Jg&oe=69F1CB9B&_nc_sid=5e03e0&mms3=true
batch-2,cmnuo3r7a01u6og79ardmu612,EMPTY_PATH,audio,https://mmg.whatsapp.net/v/t62.7117-24/546350873_2847516868928842_4266935379196659914_n.enc?ccb=11-4&oh=01_Q5Aa4AGMc-5Hu6uXSxbqpt7ZZk9AnqGiXPJtLqVc96VRyaoxIw&oe=69F172FD&_nc_sid=5e03e0&mms3=true
batch-2,cmnuo3r7a01u7og7986pjn4p2,EMPTY_PATH,audio,https://mmg.whatsapp.net/v/t62.7117-24/596370160_1238137171814864_254554005077479937_n.enc?ccb=11-4&oh=01_Q5Aa4AEV33RT4yDaUJo9JvcuzttRGpDF7OzJmhv1ZU04I19yZw&oe=69F14ECC&_nc_sid=5e03e0&mms3=true
batch-2,cmnuo3r7a01u8og79yv8rpi01,EMPTY_PATH,audio,https://mmg.whatsapp.net/v/t62.7117-24/550668855_873563309039403_487906675537565137_n.enc?ccb=11-4&oh=01_Q5Aa4AGFq3GV3Sfe0OiOpBVpZVkD-FbqqEdE4dyw8bStro7zzA&oe=69F168B8&_nc_sid=5e03e0&mms3=true
batch-2,cmnuo3r7a01u9og7928utmsor,EMPTY_PATH,audio,https://mmg.whatsapp.net/v/t62.7117-24/550462795_1605169670757974_1771915782806896771_n.enc?ccb=11-4&oh=01_Q5Aa4AFW9XM_jtZMONNq7hge7M7S9faQfE0GSiqlKg7MrMOA5Q&oe=69F13B14&_nc_sid=5e03e0&mms3=true
batch-2,cmnuo3r7a01uaog79v6aud2gw,EMPTY_PATH,audio,https://mmg.whatsapp.net/v/t62.7117-24/548829698_4575609462676770_6028823088839003263_n.enc?ccb=11-4&oh=01_Q5Aa4AEHr-4hSrOXP4SSamFShe-6so7ZYUbk7DBzV29o9UYSlA&oe=69F15450&_nc_sid=5e03e0&mms3=true
batch-2,cmnuo3r7a01ubog79c2rrf2jm,EMPTY_PATH,audio,https://mmg.whatsapp.net/v/t62.7117-24/613894984_1702328131129189_5428186322510369445_n.enc?ccb=11-4&oh=01_Q5Aa4AEKjFvI27QxdTZ9JxJFlPeycCZ0jKpAbbox6PZOVJzI8g&oe=69F16826&_nc_sid=5e03e0&mms3=true
batch-2,cmnuo3r7a01ucog79smq0kjn4,EMPTY_PATH,audio,https://mmg.whatsapp.net/v/t62.7117-24/544348963_1258223172956304_2088223203554361721_n.enc?ccb=11-4&oh=01_Q5Aa4AGDk24kH57unIi1b3ilGP2Ly04oqBWqJp1NgNIw2-D1AQ&oe=69F1532D&_nc_sid=5e03e0&mms3=true
batch-2,cmnuo3r8n02hoog796tm8y0bs,EMPTY_PATH,audio,https://mmg.whatsapp.net/v/t62.7117-24/542887224_1279105407524150_4453438871566345515_n.enc?ccb=11-4&oh=01_Q5Aa4AGUT7Qrf-bKCl68TgFvaqmueZPbNwSQIUGROlBpVEnZUA&oe=69F15C38&_nc_sid=5e03e0&mms3=true
batch-2,cmnuo3r8502a4og79l3vzit4w,EMPTY_PATH,audio,https://mmg.whatsapp.net/v/t62.7117-24/544811832_1431648938732870_696559725696526775_n.enc?ccb=11-4&oh=01_Q5Aa4AEjkJhCS1eFW5NfbjJicSAcioGVTAsvyfMd-YVrs1J6Yg&oe=69F1468D&_nc_sid=5e03e0&mms3=true
batch-2,cmnuo3r8g02f8og7945lrth2l,EMPTY_PATH,audio,https://mmg.whatsapp.net/v/t62.7117-24/609254435_976698111455607_8327332837124547672_n.enc?ccb=11-4&oh=01_Q5Aa4AHjk_vS1QBfulqj9-zJGP5f4vQkU71upQehy-IoxrkS0w&oe=69F137F6&_nc_sid=5e03e0&mms3=true
batch-2,cmnuo3r9n02xzog79ts2gmvwv,EMPTY_PATH,audio,https://mmg.whatsapp.net/v/t62.7117-24/549890702_878975528521108_4927922641054471079_n.enc?ccb=11-4&oh=01_Q5Aa4AG__7bd7mKKC0SXh1-pPZtpuYobxnljC0ZKPI6jsb5yww&oe=69F10FB3&_nc_sid=5e03e0&mms3=true
batch-2,cmnuo3r9n02y0og79uzxlw3nv,EMPTY_PATH,audio,https://mmg.whatsapp.net/v/t62.7117-24/612768251_1472514484664402_2441808985921951109_n.enc?ccb=11-4&oh=01_Q5Aa4AH_PsshEo6gU44PVqW77vY_bMpX9tJo_T3rH0ego3kdxA&oe=69F11605&_nc_sid=5e03e0&mms3=true
batch-2,cmnuo3r9o02y1og79j8rpnwax,EMPTY_PATH,image,https://mmg.whatsapp.net/v/t62.7118-24/594069673_1953564498589940_3252678225534602270_n.enc?ccb=11-4&oh=01_Q5Aa4AG3e7GKiRFSN6Yzq_NTc1tCsKDo2JPxHab52J-xOZ8bUg&oe=69F0FF71&_nc_sid=5e03e0&mms3=true
batch-2,cmnuo3r9o02y2og7903r2y530,EMPTY_PATH,image,https://mmg.whatsapp.net/v/t62.7118-24/612037064_1501849458040928_9168981508713629213_n.enc?ccb=11-4&oh=01_Q5Aa4AFxxWTpH_oP_ci8QPgOBH-1LHIRnA4KWPFUxUg24UXkvQ&oe=69F0F016&_nc_sid=5e03e0&mms3=true
batch-2,cmnuo3r7m01zwog79390nn83r,EMPTY_PATH,audio,https://mmg.whatsapp.net/v/t62.7117-24/615145036_1247319130401818_6480176118688871209_n.enc?ccb=11-4&oh=01_Q5Aa4AH0vAVLcMaoHgdcxo7SxY9e3O9C_ML9r7YKWYFbD85O_w&oe=69F0F8C5&_nc_sid=5e03e0&mms3=true
batch-2,cmnuo3r7a01udog79853o28ij,EMPTY_PATH,audio,https://mmg.whatsapp.net/v/t62.7117-24/548128419_1450845689825544_9169132878311882624_n.enc?ccb=11-4&oh=01_Q5Aa4AEO7GpLHXBUShfHLahQqvKM8F0uWJGVZs7bKp0zSYZ2OA&oe=69F0F67F&_nc_sid=5e03e0&mms3=true
batch-2,cmnuo3r9i02uuog79g6g4ycwq,EMPTY_PATH,audio,https://mmg.whatsapp.net/v/t62.7117-24/597126443_1749879935976925_1656334421961787535_n.enc?ccb=11-4&oh=01_Q5Aa4AGKlb04fcEMaa7g_XcVxGOo4BtR_TZeF799T08DizoAPQ&oe=69F0D2F9&_nc_sid=5e03e0&mms3=true
batch-2,cmnuo3r9i02uvog79yfmkbtnx,EMPTY_PATH,audio,https://mmg.whatsapp.net/v/t62.7117-24/549186659_2442562682874601_7076071957542768223_n.enc?ccb=11-4&oh=01_Q5Aa4AGR9msQpvuWdOIhsz9zEuzOyEPQ0zBXYaSqHO8yYQlI3w&oe=69F1034A&_nc_sid=5e03e0&mms3=true
batch-2,cmnuo3r9i02uwog799kizdgdt,EMPTY_PATH,audio,https://mmg.whatsapp.net/v/t62.7117-24/614637511_1458158535965466_3956129847068375985_n.enc?ccb=11-4&oh=01_Q5Aa4AGxDmiXCqWLru7pmxZMRouCF65NCb2sdcOXjE5KGzriDw&oe=69F107A2&_nc_sid=5e03e0&mms3=true
batch-2,cmnuo3r9i02uxog79sk6dxui7,EMPTY_PATH,audio,https://mmg.whatsapp.net/v/t62.7117-24/610773832_942985495202127_5904783239780325146_n.enc?ccb=11-4&oh=01_Q5Aa4AHscb_tnbtu90zFNhDVFcrhxRnuHWlYA_fe16lD5wBpBQ&oe=69F0DA79&_nc_sid=5e03e0&mms3=true
batch-2,cmnuo3r7m01zxog79o5frwhh2,EMPTY_PATH,audio,https://mmg.whatsapp.net/v/t62.7117-24/614528181_792512450600190_7104218420001849430_n.enc?ccb=11-4&oh=01_Q5Aa4AFvaw4YkgElHzMrhLhdmQhUUk0M_c4EMPvHP2BZpLuOOQ&oe=69F0D3E0&_nc_sid=5e03e0&mms3=true
batch-2,cmnuo3r7m01zyog79m0kxbd4w,EMPTY_PATH,audio,https://mmg.whatsapp.net/v/t62.7117-24/544409763_26173301172338480_1746016485462105014_n.enc?ccb=11-4&oh=01_Q5Aa4AE3KorXfi1HHGsNko_wuH-BywJ-av0HMaYJz7-NYuy4Yg&oe=69F0F610&_nc_sid=5e03e0&mms3=true
batch-2,cmnuo3r7u0242og79f5a96ap3,EMPTY_PATH,audio,https://mmg.whatsapp.net/v/t62.7117-24/549993841_794257227071068_1972553125157321928_n.enc?ccb=11-4&oh=01_Q5Aa4AGVSi53H4Rk3u5VAz53pFQ6tQcFBQ7OmUiaKyZZ__OmbQ&oe=69F0A8A9&_nc_sid=5e03e0&mms3=true
batch-2,cmnuo3r8702bcog799b8qqb9o,EMPTY_PATH,audio,https://mmg.whatsapp.net/v/t62.7117-24/544360615_3211106859068199_4054026785437845794_n.enc?ccb=11-4&oh=01_Q5Aa4AEjhks9QxrNdSdyB-dKNZMCinBy4MAlZOe3beq4LYFfBQ&oe=69F0B768&_nc_sid=5e03e0&mms3=true
batch-2,cmnuo3r7c01uzog79ngir1mzs,EMPTY_PATH,audio,https://mmg.whatsapp.net/v/t62.7117-24/594280744_1474742957562119_602580503912298918_n.enc?ccb=11-4&oh=01_Q5Aa4AEpLfsdmjWLuAGJ_W5yVZhS3UiycEkNE9ePzc4abELtYA&oe=69F0A5C9&_nc_sid=5e03e0&mms3=true
batch-2,cmnuo2dvz006iog79wtdmrd7z,EMPTY_PATH,audio,https://mmg.whatsapp.net/v/t62.7117-24/547828773_1237006968546792_2278191382759471841_n.enc?ccb=11-4&oh=01_Q5Aa4AGa0C0M2qPjMHDEmGeWu4ft9W8k9_rcAbC8nuiUHKAEYA&oe=69F0AEEA&_nc_sid=5e03e0&mms3=true
batch-2,cmnuo3r7501rhog79uwjx7zaz,EMPTY_PATH,audio,https://mmg.whatsapp.net/v/t62.7114-24/609053937_4054750621482352_4074191996244852285_n.enc?_nc_hot=1774789207&ccb=11-4&oh=01_Q5Aa4AGA9tn2E6vFZuhdhGeeCXwxo_teUVKwTR4qSjQ1NRkslA&oe=69F0A4DA&_nc_sid=5e03e0&mms3=true
batch-2,cmnuo3r7501riog79uo7ah7yl,EMPTY_PATH,image,https://mmg.whatsapp.net/v/t62.7118-24/541140667_34546343178343386_2221942713634963236_n.enc?ccb=11-4&oh=01_Q5Aa4AHbn-NvAArK5bpwKrwbyBIWK6mJuV4_DtE9y8T2DZbj0g&oe=69F07A6F&_nc_sid=5e03e0&mms3=true
batch-2,cmnuo3r7501rjog79nhik52a3,EMPTY_PATH,image,https://mmg.whatsapp.net/v/t62.7118-24/584962985_1402178608592913_1996299031449765828_n.enc?ccb=11-4&oh=01_Q5Aa4AGrYjxFXXGfeDILvGg5cWe0n8P2QSuByhu4OfqV5QqpuQ&oe=69F09FE5&_nc_sid=5e03e0&mms3=true
batch-2,cmnuo3r7501rkog795kknsyga,EMPTY_PATH,image,https://mmg.whatsapp.net/v/t62.7118-24/596929382_1208652821341657_4561660786518039421_n.enc?ccb=11-4&oh=01_Q5Aa4AGNRgmim6X_MLg8vVJqy1qMSz5HXFBd3qRWJEc51jD6VQ&oe=69F0AB8A&_nc_sid=5e03e0&mms3=true
batch-2,cmnuo3r7501rlog797g4y3k1z,EMPTY_PATH,image,https://mmg.whatsapp.net/v/t62.7118-24/543112504_1242827191166429_7015731852412450741_n.enc?ccb=11-4&oh=01_Q5Aa4AEaxkYEjqOI4EX-EbU1lgVjAXqTQm2DCoxKRaaoE6zifw&oe=69F081A8&_nc_sid=5e03e0&mms3=true
batch-2,cmnuo3r7m01zzog79bmm8yvt5,EMPTY_PATH,audio,https://mmg.whatsapp.net/v/t62.7117-24/596736185_1430704428281538_1541243391705479619_n.enc?ccb=11-4&oh=01_Q5Aa4AEcQj7o5lehZo6ZcA4-YepBDowCMTYr9N4YRuHUlHZNfQ&oe=69F0164F&_nc_sid=5e03e0&mms3=true
batch-2,cmnuo3r7m0200og79gkedm0i8,EMPTY_PATH,audio,https://mmg.whatsapp.net/v/t62.7117-24/594423613_820496427125065_1523422128490504512_n.enc?ccb=11-4&oh=01_Q5Aa4AF5AqghFsUHXjpLOovFzARmxjqY-2q8oLgD-R7rQ8qeGA&oe=69F00C82&_nc_sid=5e03e0&mms3=true
batch-2,cmnuo3r9c02s7og792dm6uezj,EMPTY_PATH,audio,https://mmg.whatsapp.net/v/t62.7117-24/550779276_1039010582627657_6600730098316422228_n.enc?ccb=11-4&oh=01_Q5Aa4AGiuWf_Qo7oexKYAcPoZy6dC70Fvq3ZmbZQeKq-0H6lHA&oe=69F00D7B&_nc_sid=5e03e0&mms3=true
batch-2,cmnuo3r7c01v0og797a3sm7z0,EMPTY_PATH,audio,https://mmg.whatsapp.net/v/t62.7117-24/545938348_833167285713198_3531677911889946946_n.enc?ccb=11-4&oh=01_Q5Aa4AHrJZDfVuhpmNMdcvw0i-3JilojhNleRCoF876wLmI8Qw&oe=69F00F8B&_nc_sid=5e03e0&mms3=true
batch-2,cmnuo3r7c01v1og7912q1xvo7,EMPTY_PATH,audio,https://mmg.whatsapp.net/v/t62.7117-24/584933604_2767649250234904_8462001686545365013_n.enc?ccb=11-4&oh=01_Q5Aa4AFTssASRoUWqULEA8tHtkVzvoJTqZxTuDnji2ePPKZSzA&oe=69EFF2C0&_nc_sid=5e03e0&mms3=true
batch-2,cmnuo3r7c01v2og796253c98y,EMPTY_PATH,audio,https://mmg.whatsapp.net/v/t62.7117-24/541803117_1819037628765868_3350985579119532889_n.enc?ccb=11-4&oh=01_Q5Aa4AENSgz3eH6jZtC6IHh4OAl1OXYHZey3uTPTGwzQTTM9Eg&oe=69F01706&_nc_sid=5e03e0&mms3=true
batch-2,cmnuo3r7u0243og796sfbzl5p,EMPTY_PATH,audio,https://mmg.whatsapp.net/v/t62.7117-24/612753381_4269697956585085_5866849037355723968_n.enc?ccb=11-4&oh=01_Q5Aa4AGD24g-2ya2BnEH0xuVdeG1pcKSi3keP8RXDjwvPeZ9tA&oe=69F00FA1&_nc_sid=5e03e0&mms3=true
batch-2,cmnuo3r7u0244og79yno90zs2,EMPTY_PATH,audio,https://mmg.whatsapp.net/v/t62.7117-24/542476687_1837204011016586_8122051834858443495_n.enc?ccb=11-4&oh=01_Q5Aa4AEyRjAE-NyVEw6sSrvzAY_JZKlAmIss8uYrsG0ZWI2NqQ&oe=69EFE35F&_nc_sid=5e03e0&mms3=true
batch-2,cmnuo3r9c02scog79dxz979o0,EMPTY_PATH,image,https://mmg.whatsapp.net/v/t62.7118-24/612316911_3501688356647407_8535880967050031964_n.enc?ccb=11-4&oh=01_Q5Aa4AFjocpfYPmOochWgCrLwrBPSdK7UdLIBzRWhmb_JakdLw&oe=69EFFC80&_nc_sid=5e03e0&mms3=true
batch-2,cmnuo3r7u0245og79zit0ahme,EMPTY_PATH,audio,https://mmg.whatsapp.net/v/t62.7117-24/585323721_34726836126962163_5256831357245155554_n.enc?ccb=11-4&oh=01_Q5Aa4AFpx1_X3pzFimuzDMteHIUBjIp5LC3gsbqbjuNOxo2nAg&oe=69F00608&_nc_sid=5e03e0&mms3=true
batch-2,cmnuo3r9c02sdog79qjgkt8r0,EMPTY_PATH,audio,https://mmg.whatsapp.net/v/t62.7117-24/585509452_1286897943381670_5655708760908777288_n.enc?ccb=11-4&oh=01_Q5Aa4AGXsojh_tOIhP9uvK1dDP6NvoADSTQsc0ml_wKGplE9uA&oe=69F00776&_nc_sid=5e03e0&mms3=true
batch-2,cmnuo3r7c01v3og79hs9pcdrw,EMPTY_PATH,audio,https://mmg.whatsapp.net/v/t62.7117-24/546092589_1750121982614149_7386053866661270127_n.enc?ccb=11-4&oh=01_Q5Aa4AHwduVCao9vCFaa60sITvw8L1-cAr1E-P9Sf8DxtLyWsA&oe=69F0035B&_nc_sid=5e03e0&mms3=true
batch-2,cmnuo3r9c02seog794nmzf51q,EMPTY_PATH,audio,https://mmg.whatsapp.net/v/t62.7117-24/549197575_929944346454368_5496800522712607929_n.enc?ccb=11-4&oh=01_Q5Aa4AFulJ64X6XDTauu-mqe3OygKwXE_OyJgWZR1ZIrIyT2zA&oe=69F005D3&_nc_sid=5e03e0&mms3=true
batch-2,cmnuo3r7u0246og798ub4kcb4,EMPTY_PATH,audio,https://mmg.whatsapp.net/v/t62.7117-24/612477740_1670582057639354_7528426039070699631_n.enc?ccb=11-4&oh=01_Q5Aa4AHDaSe-7ypxHHwTd4tWWjKULHKzqgjoiQ2_m9nolgsGNA&oe=69EFE190&_nc_sid=5e03e0&mms3=true
batch-2,cmnuo3r9c02sfog791tt48ubp,EMPTY_PATH,audio,https://mmg.whatsapp.net/v/t62.7117-24/544631939_1623827398934658_1628416453649145964_n.enc?ccb=11-4&oh=01_Q5Aa4AGHcheJ4kY4mWN4xPAU24eyozueeBwcFwmh-eR0P9g2bQ&oe=69EFE184&_nc_sid=5e03e0&mms3=true
batch-2,cmnuo3r9d02sjog79knp55sp9,EMPTY_PATH,audio,https://mmg.whatsapp.net/v/t62.7117-24/597077975_1431984158384468_8280040871718025110_n.enc?ccb=11-4&oh=01_Q5Aa4AFLvaNOEwV_7sSQskWVQOMzXtB_xjVB4nVk8O4SCouBIw&oe=69EFDE55&_nc_sid=5e03e0&mms3=true
batch-2,cmnuo3r9d02skog79g7eespxf,EMPTY_PATH,audio,https://mmg.whatsapp.net/v/t62.7117-24/545193916_946163267911314_149406706130982291_n.enc?ccb=11-4&oh=01_Q5Aa4AEhmuPMXTqFVS4CanhQJ7gx6Q3hojEHx6Hc-wD08yz0lQ&oe=69F007E9&_nc_sid=5e03e0&mms3=true
batch-2,cmnuo3r7u0247og79yachc60r,EMPTY_PATH,audio,https://mmg.whatsapp.net/v/t62.7117-24/545229913_1273785168061605_2283619779172985386_n.enc?ccb=11-4&oh=01_Q5Aa4AHl0FBnFmFaW1NGVUOSMkun-5fBhSIVVF0dBQUiOEGCOQ&oe=69EFE829&_nc_sid=5e03e0&mms3=true
batch-2,cmnuo3r7c01v4og79vvc4tkcv,EMPTY_PATH,image,https://mmg.whatsapp.net/v/t62.7118-24/615343501_971857762169575_789237826762114515_n.enc?ccb=11-4&oh=01_Q5Aa4AHBp3GHzRERc10qZz4vHw781aPdNNGOisrGhs-VXp_Atw&oe=69EFF4A3&_nc_sid=5e03e0&mms3=true
batch-2,cmnuo3r7u0248og79lsrn07yu,EMPTY_PATH,audio,https://mmg.whatsapp.net/v/t62.7117-24/597891913_2017571885495739_5981439841283074018_n.enc?ccb=11-4&oh=01_Q5Aa4AFweJpBjIpCHoLrwu0wBpJYD9-Ytao7yPCquJYpd2rz8Q&oe=69EFF3C1&_nc_sid=5e03e0&mms3=true
batch-2,cmnuo3r7c01v5og79ohx66il3,EMPTY_PATH,audio,https://mmg.whatsapp.net/v/t62.7117-24/613388586_2011096523160012_5495149900611865036_n.enc?ccb=11-4&oh=01_Q5Aa4AGISrWqx5EAZaB6ZrBF-R91A9H2uS8yzoyGZqUVn28H8g&oe=69EFEFFA&_nc_sid=5e03e0&mms3=true
batch-2,cmnuo3r9z0324og79tt3a5pnz,EMPTY_PATH,audio,https://mmg.whatsapp.net/v/t62.7117-24/544614050_953421407085054_3056663167591822636_n.enc?ccb=11-4&oh=01_Q5Aa4AHL01EqknygMV_rWLfN0-ecQJrQ983Qx4jBqvK14FSX5g&oe=69F00BA6&_nc_sid=5e03e0&mms3=true
batch-2,cmnuo3r9002moog79bfn20kqf,EMPTY_PATH,audio,https://mmg.whatsapp.net/v/t62.7117-24/549028701_1317074850484508_7043600878550095989_n.enc?ccb=11-4&oh=01_Q5Aa4AG9rROvVtLVP_i5AaQiSJlACcsqGZMCg7GL79WxLVlVBw&oe=69EFF619&_nc_sid=5e03e0&mms3=true
batch-2,cmnuo3r7u0249og790n1cq2vu,EMPTY_PATH,audio,https://mmg.whatsapp.net/v/t62.7117-24/549096729_1598441584723087_994602007979398030_n.enc?ccb=11-4&oh=01_Q5Aa4AGyFJI5aljLX0AoeDaO9U489EWTnFDUzpAX01V2JNgsvA&oe=69EFDD98&_nc_sid=5e03e0&mms3=true
batch-2,cmnuo3r7v024aog7918sb8qhn,EMPTY_PATH,audio,https://mmg.whatsapp.net/v/t62.7117-24/548783401_1595996941685985_1688433049313804481_n.enc?ccb=11-4&oh=01_Q5Aa4AHlhSbUEMxWmkxLpJvduoZLGi311Y8ux4R_ljYBq49Z3g&oe=69EFE762&_nc_sid=5e03e0&mms3=true
batch-2,cmnuo3r7v024bog79r8p09hl7,EMPTY_PATH,audio,https://mmg.whatsapp.net/v/t62.7117-24/544639219_1631102764894724_6414699484395978070_n.enc?ccb=11-4&oh=01_Q5Aa4AF1d9AQxXVfOyzfXxUkAh9U2VUgwBoK08NSpdYVWG8kLw&oe=69EFFBF2&_nc_sid=5e03e0&mms3=true
batch-2,cmnuo3r8h02f9og79itxc0uid,EMPTY_PATH,audio,https://mmg.whatsapp.net/v/t62.7117-24/549222906_1103105881992527_2063444403617892156_n.enc?ccb=11-4&oh=01_Q5Aa4AGbSEs8aH4YhXsZ7Gp0tUe45bSiQiNYIFlJy-Mq66gkew&oe=69F0049E&_nc_sid=5e03e0&mms3=true
batch-2,cmnuo3r7v024cog79lijas0m5,EMPTY_PATH,audio,https://mmg.whatsapp.net/v/t62.7117-24/616344249_1214701747404074_939274208043676268_n.enc?ccb=11-4&oh=01_Q5Aa4AHeacfHfT8fliKSnwio3kKcKbR7czJkFR6cPYJg4_D3nQ&oe=69EFF63F&_nc_sid=5e03e0&mms3=true
batch-2,cmnuo3r6z01ooog79sm51mwiz,EMPTY_PATH,audio,https://mmg.whatsapp.net/v/t62.7117-24/562365132_1877181162952159_6632161333796496760_n.enc?ccb=11-4&oh=01_Q5Aa4AGG_zMluI5wXaCugkDGT3jFq8mwTOpoJ2TkBn_ZqicVkw&oe=69EFEABD&_nc_sid=5e03e0&mms3=true
batch-2,cmnuo3r6z01opog791k0hpsve,EMPTY_PATH,audio,https://mmg.whatsapp.net/v/t62.7117-24/540972047_1221803069726853_4891498081473217489_n.enc?ccb=11-4&oh=01_Q5Aa4AHyNcp8rkFPjyeXzdtRp4bKeLbJqBTFBMuvQdwXxsU3IQ&oe=69F002A5&_nc_sid=5e03e0&mms3=true
batch-2,cmnuo3r6z01oqog79w9lzk2sl,EMPTY_PATH,audio,https://mmg.whatsapp.net/v/t62.7117-24/546244369_1260780446161182_3846244025023146687_n.enc?ccb=11-4&oh=01_Q5Aa4AHuKIIdnfRuLMess-r_4Is1jNjwBHLaHwBde9axn46f6g&oe=69EFD526&_nc_sid=5e03e0&mms3=true
batch-2,cmnuo3r6z01orog79tphrvt04,EMPTY_PATH,audio,https://mmg.whatsapp.net/v/t62.7117-24/544851785_925374290136036_465493846486872317_n.enc?ccb=11-4&oh=01_Q5Aa4AFFigh1hlVj2azkbUUr9plm6b50uu1yALa34cwsrfeCdQ&oe=69EFD0E7&_nc_sid=5e03e0&mms3=true
batch-2,cmnuo3r7v024dog7940455dcg,EMPTY_PATH,audio,https://mmg.whatsapp.net/v/t62.7117-24/549184262_1657420111940407_5704593704924581813_n.enc?ccb=11-4&oh=01_Q5Aa4AHcHp2bXZ9Y-b_DiVs31elwQsfncN3Y0DvfqUOBIFCbCw&oe=69EFF020&_nc_sid=5e03e0&mms3=true
batch-2,cmnuo3r9002mpog79h9ua9ysb,EMPTY_PATH,audio,https://mmg.whatsapp.net/v/t62.7117-24/610348377_697326003439025_2352747767036444542_n.enc?ccb=11-4&oh=01_Q5Aa4AGKp_QIf3qTc0AGUQFVumdSWIxN4eCvcwC1INymRcb4Fw&oe=69EFFCE8&_nc_sid=5e03e0&mms3=true
batch-2,cmnuo3r9002mqog79c09yamtc,EMPTY_PATH,audio,https://mmg.whatsapp.net/v/t62.7117-24/612765769_2448871278950086_1993407905481776783_n.enc?ccb=11-4&oh=01_Q5Aa4AGqr6CmbtWRI21_Vp4i9ei8ln7pdcVKpA6FR8t0508i-A&oe=69EFD40A&_nc_sid=5e03e0&mms3=true
batch-2,cmnuo3r9z0325og79oip6z33q,EMPTY_PATH,audio,https://mmg.whatsapp.net/v/t62.7117-24/609123622_1881526529266786_674508391933442311_n.enc?ccb=11-4&oh=01_Q5Aa4AFITPgb8O9Jrhqa5330g2TT1UvcsA_CC7jspQ-XzHTh5Q&oe=69EFF1DE&_nc_sid=5e03e0&mms3=true
batch-2,cmnuo3r9z0326og79zhu8qmr0,EMPTY_PATH,audio,https://mmg.whatsapp.net/v/t62.7117-24/594484146_1754511258844573_1935357869604871097_n.enc?ccb=11-4&oh=01_Q5Aa4AHqPae5HNjPQBL7cZVtNHuUK5YD8_Ws0ZAcWCfsEukX2w&oe=69EFEF7A&_nc_sid=5e03e0&mms3=true
batch-2,cmnuo3r9z0327og79ei1exhw2,EMPTY_PATH,audio,https://mmg.whatsapp.net/v/t62.7117-24/606044582_2760704987616718_8781771100094319147_n.enc?ccb=11-4&oh=01_Q5Aa4AFchT-EjAoK85n8UG2J5s-BhfGJoAAzz_e6ei61_i68cA&oe=69EFF9A3&_nc_sid=5e03e0&mms3=true
batch-2,cmnuo3r7m0201og794ik4671c,EMPTY_PATH,audio,https://mmg.whatsapp.net/v/t62.7117-24/544396108_951639640678065_3470246737607985573_n.enc?ccb=11-4&oh=01_Q5Aa4AEz-WA2razPhmIwqUi6_3P8fO1H6C71zPF5x6ti1RG_JA&oe=69EFF79E&_nc_sid=5e03e0&mms3=true
batch-2,cmnuo3r9302obog79b4dnryer,EMPTY_PATH,audio,https://mmg.whatsapp.net/v/t62.7117-24/612423121_1426105192099452_9072581532424685555_n.enc?ccb=11-4&oh=01_Q5Aa4AE-JsVH_aN2sFcvjU8_1TY97mF8MbFXNy0MeKmJ47tNnA&oe=69EFE54D&_nc_sid=5e03e0&mms3=true
batch-2,cmnuo3r9o02y3og79dteqckxa,EMPTY_PATH,audio,https://mmg.whatsapp.net/v/t62.7117-24/584983208_946921008087295_2762770350043619359_n.enc?ccb=11-4&oh=01_Q5Aa4AGfHlY3JIMytzk73_QZ-TcX1-LnytpSO8MPNTCdmO7NFA&oe=69EFB181&_nc_sid=5e03e0&mms3=true
batch-2,cmnuo3r9302ocog79lxvwnpv0,EMPTY_PATH,audio,https://mmg.whatsapp.net/v/t62.7117-24/612772041_1455409762903584_6614649778805963014_n.enc?ccb=11-4&oh=01_Q5Aa4AG9j4R54IkG-1hv0J-Tp7vSg5_ocidSnc-5yFeYRYakYQ&oe=69EFB9C6&_nc_sid=5e03e0&mms3=true
batch-2,cmnuo3r9402odog79g319ho6q,EMPTY_PATH,audio,https://mmg.whatsapp.net/v/t62.7117-24/544833158_899844296382088_7414766480999450723_n.enc?ccb=11-4&oh=01_Q5Aa4AGFWph4hjKz1_JcyOesN7nHVIZshngKYu81vRY9_JTbVw&oe=69EFD67C&_nc_sid=5e03e0&mms3=true
batch-2,cmnuo3r9o02y5og79iiipysmq,EMPTY_PATH,audio,https://mmg.whatsapp.net/v/t62.7117-24/616142649_725906183845940_8509715333721441024_n.enc?ccb=11-4&oh=01_Q5Aa4AHUtq45pfBn0WUdxT6T4Hf0MxGsjLsED4cT5YqKBbzufw&oe=69EFD13C&_nc_sid=5e03e0&mms3=true
batch-2,cmnuo3r9402ofog7900ap81sy,EMPTY_PATH,audio,https://mmg.whatsapp.net/v/t62.7117-24/597397092_1582451509709517_5014150033475879476_n.enc?ccb=11-4&oh=01_Q5Aa4AHAHXFEm3a5kOL5ZsuKRvXzOc5nr9NUbRacywUcIRlG2w&oe=69EFBE15&_nc_sid=5e03e0&mms3=true
batch-2,cmnuo3r9402ogog79sswp4q30,EMPTY_PATH,audio,https://mmg.whatsapp.net/v/t62.7117-24/546292502_1459307608904414_9081664213816751278_n.enc?ccb=11-4&oh=01_Q5Aa4AGOBFOEMIDTxBt1cBH0j13vbFhaHWEdcFU2CNw8rt1Mhg&oe=69EFB7C0&_nc_sid=5e03e0&mms3=true
batch-2,cmnuo3r9o02y8og79ypuvsaao,EMPTY_PATH,audio,https://mmg.whatsapp.net/v/t62.7117-24/609544036_1200325878847085_1250826860043915992_n.enc?ccb=11-4&oh=01_Q5Aa4AFANn0LbPEoZqDhAt2e094Bnos_D_KagZ4nV2rvUApMVg&oe=69EFD413&_nc_sid=5e03e0&mms3=true
batch-2,cmnuo3r7m0202og79giup641u,EMPTY_PATH,audio,https://mmg.whatsapp.net/v/t62.7117-24/542341496_2890113264663317_8079216997586062299_n.enc?ccb=11-4&oh=01_Q5Aa4AEs2tc2wvxXUFx2B9tvXXu5AvubibrTf6LZXCQtPuMO2w&oe=69EFB843&_nc_sid=5e03e0&mms3=true
batch-2,cmnuo3r7m0203og790buhbe18,EMPTY_PATH,audio,https://mmg.whatsapp.net/v/t62.7117-24/613795196_3088386031350893_8551421994154824383_n.enc?ccb=11-4&oh=01_Q5Aa4AFvYYRPN7Wq9shWMBXbugDYZdD2sAH7z6_aNbTcgvJxyw&oe=69EFA950&_nc_sid=5e03e0&mms3=true
batch-2,cmnuo3r9k02w4og79b5ubhegx,EMPTY_PATH,audio,https://mmg.whatsapp.net/v/t62.7117-24/545552626_2369717136847275_5055781006368337486_n.enc?ccb=11-4&oh=01_Q5Aa4AEM3KuSlK9dGgm7WzMso4w3IvGs-tNJI4zIeFjGGhgDfQ&oe=69EFAFAD&_nc_sid=5e03e0&mms3=true
batch-2,cmnuo3r6z01osog79enimp2fe,EMPTY_PATH,audio,https://mmg.whatsapp.net/v/t62.7117-24/609863955_1258031569642335_5212880606634094209_n.enc?ccb=11-4&oh=01_Q5Aa4AHmVAktI3X9buMiG6PPR81ioWYvbK_XMYsAPVwvDctlIw&oe=69EFA8CE&_nc_sid=5e03e0&mms3=true
batch-2,cmnuo3r7m0204og79mpqt34f4,EMPTY_PATH,audio,https://mmg.whatsapp.net/v/t62.7117-24/544610536_1245451971103423_8567229438535271819_n.enc?ccb=11-4&oh=01_Q5Aa4AHxs52Z3qe3vXcY-Vz4Bg9wWrd4fjIKkj_vFQ5b1B5rFQ&oe=69EF88FA&_nc_sid=5e03e0&mms3=true
batch-2,cmnuo3r9z0328og79oq0k8lix,EMPTY_PATH,audio,https://mmg.whatsapp.net/v/t62.7117-24/549326423_1501997828190651_1975987180483409558_n.enc?ccb=11-4&oh=01_Q5Aa4AH8rruNuBivu0QC1RLvwWgGayNI-cqGBtTYb7AVajRIjw&oe=69EF814F&_nc_sid=5e03e0&mms3=true
batch-2,cmnuo3r9z0329og797s8h9det,EMPTY_PATH,audio,https://mmg.whatsapp.net/v/t62.7117-24/548354201_970784458966637_4264057513945844295_n.enc?ccb=11-4&oh=01_Q5Aa4AEqeiPxzvWe6_-57MkZ4A4zI12SlG452DcMsk75HV5QMQ&oe=69EF9D2E&_nc_sid=5e03e0&mms3=true
batch-2,cmnuo3r9002mrog79pr266yjt,EMPTY_PATH,audio,https://mmg.whatsapp.net/v/t62.7117-24/550896852_1510005084078014_2974007467121826172_n.enc?ccb=11-4&oh=01_Q5Aa4AFsPo3jUjKgqlAIX40Za3ODYoYwPSLDDv4nvSmJ3uY9Lw&oe=69EFA80C&_nc_sid=5e03e0&mms3=true
batch-2,cmnuo3r6z01otog794l56jdp8,EMPTY_PATH,audio,https://mmg.whatsapp.net/v/t62.7117-24/612766526_1970815516877058_7702227891504508851_n.enc?ccb=11-4&oh=01_Q5Aa4AHLfyBSf15m9ZDpgaUf-APVbVNS9HOqbLzVBZBxDcIsMw&oe=69EF8901&_nc_sid=5e03e0&mms3=true
batch-2,cmnuo3r6z01ouog79piu6ydbz,EMPTY_PATH,audio,https://mmg.whatsapp.net/v/t62.7117-24/612482750_3946805585619952_5038138501979499024_n.enc?ccb=11-4&oh=01_Q5Aa4AFyUo4gGJZpgSwFwn4zkcz-upyJ6vC7KrtvwYynqtAtYw&oe=69EF7EFC&_nc_sid=5e03e0&mms3=true
batch-2,cmnuo3r6z01ovog79z8eew8tb,EMPTY_PATH,audio,https://mmg.whatsapp.net/v/t62.7117-24/544619122_1991009874962491_8259331436692051083_n.enc?ccb=11-4&oh=01_Q5Aa4AFgDBs0IMZVihpO9xLqLJS2rr88aI1jK0FPiSRY6nUqWg&oe=69EF70B4&_nc_sid=5e03e0&mms3=true
batch-2,cmnuo3r9002mtog79fd57vk7w,EMPTY_PATH,audio,https://mmg.whatsapp.net/v/t62.7117-24/613808706_1232821211940097_1418900924309421712_n.enc?ccb=11-4&oh=01_Q5Aa4AGqQ1r0kSvhWf2cdAe6fZrT8umFGU8cnT2ay3SBRbU6vg&oe=69EF6CAB&_nc_sid=5e03e0&mms3=true
batch-2,cmnuo3r9z032aog79w92lvr5f,EMPTY_PATH,audio,https://mmg.whatsapp.net/v/t62.7117-24/612037058_1271398264935121_8313309642592560315_n.enc?ccb=11-4&oh=01_Q5Aa4AEB7n5LUkbl8kVUcAZxDSauyL98cp9lyEac2EpqkZscDw&oe=69EF6C0A&_nc_sid=5e03e0&mms3=true
batch-2,cmnuo3r7m0205og79fkxuytvf,EMPTY_PATH,audio,https://mmg.whatsapp.net/v/t62.7117-24/549255683_1670474847321390_5448396465963877484_n.enc?ccb=11-4&oh=01_Q5Aa4AHfpn1-SgIVQO7ZI-f9tPb_o1O3j6_3ZB7qHEytBNfwWQ&oe=69EF984F&_nc_sid=5e03e0&mms3=true
batch-2,cmnuo3r6x01nfog79suxeckwq,EMPTY_PATH,audio,https://mmg.whatsapp.net/v/t62.7117-24/584564964_1464299781740634_5954363462845305996_n.enc?ccb=11-4&oh=01_Q5Aa4AGTi7QHAHUUXavG_spL8JNfQ7VeGPciHRNDbvSaxP1hcQ&oe=69EF7D0D&_nc_sid=5e03e0&mms3=true
batch-2,cmnuo3r6z01owog79mvu007bt,EMPTY_PATH,audio,https://mmg.whatsapp.net/v/t62.7117-24/549587227_2509471089469365_8689351153292309762_n.enc?ccb=11-4&oh=01_Q5Aa4AGQjskpk3LnVzXRbJwuQtubU_MR1FNo0D31e2y5GFweHQ&oe=69EF77BF&_nc_sid=5e03e0&mms3=true
batch-2,cmnuo3r8l02h2og79t16bixtu,EMPTY_PATH,audio,https://mmg.whatsapp.net/v/t62.7117-24/550175341_1554254996709300_6239731331429532658_n.enc?ccb=11-4&oh=01_Q5Aa4AE8JO3iBUhh_jzG76gNscfleysLVQihynJDveORJ2dp4w&oe=69EF6C38&_nc_sid=5e03e0&mms3=true
batch-2,cmnuo3r7501rnog79r9229rr7,EMPTY_PATH,audio,https://mmg.whatsapp.net/v/t62.7114-24/610127195_2447757192311123_4839296504257785887_n.enc?_nc_hot=1774709810&ccb=11-4&oh=01_Q5Aa4AGCjWiWZ3-heXuA3YQwSZuU2uxgJWI_aQeGGfDPnfynSg&oe=69EF4F89&_nc_sid=5e03e0&mms3=true
batch-2,cmnuo3r7501roog79i57zxdfy,EMPTY_PATH,image,https://mmg.whatsapp.net/v/t62.7118-24/545249837_2017538775779623_8645260262099919262_n.enc?ccb=11-4&oh=01_Q5Aa4AGpIqas5YXMjxaxGw0QQBeiPl1B5ma02uU4kqsRTr_bYw&oe=69EF635A&_nc_sid=5e03e0&mms3=true
batch-2,cmnuo3r7501rpog79ehi2mdbk,EMPTY_PATH,image,https://mmg.whatsapp.net/v/t62.7118-24/549927820_952295523850908_3106924908229015200_n.enc?ccb=11-4&oh=01_Q5Aa4AGC0o1VStTfj7kQof68M74XYkMMgD1Ztl7gWd1g9u2T6Q&oe=69EF4131&_nc_sid=5e03e0&mms3=true
batch-2,cmnuo3r7501rrog79yxak60ho,EMPTY_PATH,image,https://mmg.whatsapp.net/v/t62.7118-24/606179154_1262620899269637_8905707025391062208_n.enc?ccb=11-4&oh=01_Q5Aa4AFsQk45Sp2cKO8uavtLhbcLpGyN3uE3vcywPC3WxSxJGw&oe=69EF4FFE&_nc_sid=5e03e0&mms3=true
batch-2,cmnuo3r7501rqog79anwd5puo,EMPTY_PATH,image,https://mmg.whatsapp.net/v/t62.7118-24/545352972_1439252587306285_1784834071639630366_n.enc?ccb=11-4&oh=01_Q5Aa4AH7rnW4kzmCUhf_O0Gyi5Cq-17yT0IJn1sd0vLRRm9pJQ&oe=69EF5DBF&_nc_sid=5e03e0&mms3=true
batch-2,cmnuo3r8802bdog79bdp4ttzg,EMPTY_PATH,audio,https://mmg.whatsapp.net/v/t62.7117-24/544611293_1468553474961430_6645488675260981561_n.enc?ccb=11-4&oh=01_Q5Aa4AHdR5salrKsz77OydLCrZvjsJ9Fsonbz_ulqd0kDfgc_w&oe=69EF4039&_nc_sid=5e03e0&mms3=true
batch-2,cmnuo3r8t02joog79sp4fn4kv,EMPTY_PATH,audio,https://mmg.whatsapp.net/v/t62.7117-24/549229251_2149381629181195_5287947489286239796_n.enc?ccb=11-4&oh=01_Q5Aa4AETd3f7acd9VTS-BuGuiJFpC0M1Rn0-iwX1NttXBunbDg&oe=69EF164F&_nc_sid=5e03e0&mms3=true
batch-2,cmnuo3r7901tuog79o20x242h,EMPTY_PATH,audio,https://mmg.whatsapp.net/v/t62.7117-24/585505869_963342072882114_8787261859780346412_n.enc?ccb=11-4&oh=01_Q5Aa4AHfR-Nn2MkbIuKk_AFUX2G2qNneBPN6gFCnh6tyr7oN4g&oe=69EEB3F3&_nc_sid=5e03e0&mms3=true
batch-2,cmnuo3r8v02kmog79bugbcitu,EMPTY_PATH,audio,https://mmg.whatsapp.net/v/t62.7117-24/545967110_1444945890505240_983279591286386773_n.enc?ccb=11-4&oh=01_Q5Aa4AGyFeBUYoamB_D9UZSp0GXzUNciYwSJtC9hDquzeKjWhw&oe=69EEB566&_nc_sid=5e03e0&mms3=true
batch-2,cmnuo3r8v02knog794fi1lvay,EMPTY_PATH,audio,https://mmg.whatsapp.net/v/t62.7117-24/548138130_4521427011512545_9028873358113966621_n.enc?ccb=11-4&oh=01_Q5Aa4AHXB62CMhFn_ajXtxV8-T8NJ9wBIJy5oYvWgTuO5xwt5A&oe=69EEA1C4&_nc_sid=5e03e0&mms3=true
batch-2,cmnuo3r7m0206og79sqlizzrm,EMPTY_PATH,audio,https://mmg.whatsapp.net/v/t62.7117-24/612451531_1706890487366778_2254708935998189412_n.enc?ccb=11-4&oh=01_Q5Aa4AHSIYMi8Ri90cgQPu8D-y6cXPHv9sZT2kZmCtB24Mjwkw&oe=69EEB6EF&_nc_sid=5e03e0&mms3=true
batch-2,cmnuo3r9t030iog79zh7bilum,EMPTY_PATH,audio,https://mmg.whatsapp.net/v/t62.7117-24/542662857_3973953866228144_5223056381606925757_n.enc?ccb=11-4&oh=01_Q5Aa4AF16G_cj5xWsRoB4Ye2hEUe-LfhsBILsLTEUxGERUkiMg&oe=69EE90C4&_nc_sid=5e03e0&mms3=true
batch-2,cmnuo3r7v024eog79zqjjcnnh,EMPTY_PATH,audio,https://mmg.whatsapp.net/v/t62.7117-24/615290338_3021482751394314_4692056280166163745_n.enc?ccb=11-4&oh=01_Q5Aa4AGjRljnzlklVYYkqwUsHZKbYlh_FbXsIGFKNQSGx3M0RA&oe=69EE82B4&_nc_sid=5e03e0&mms3=true
batch-2,cmnuo3r7v024fog79il1z57v4,EMPTY_PATH,image,https://mmg.whatsapp.net/v/t62.7118-24/565499595_1545442146939836_4912154189204363609_n.enc?ccb=11-4&oh=01_Q5Aa4AH-2On4dUrd0LKCtXfVlqSvaUqzmUYX_tHKVgFh_7gr5g&oe=69EE8408&_nc_sid=5e03e0&mms3=true
batch-2,cmnuo3r9802qdog79ia6r8u8w,EMPTY_PATH,audio,https://mmg.whatsapp.net/v/t62.7117-24/612770878_947209791579432_4697774907391322238_n.enc?ccb=11-4&oh=01_Q5Aa4AHKZ0q69VTE02cUrwNWuywZ9g0iiisXo8-ap10I9grmeg&oe=69EE6482&_nc_sid=5e03e0&mms3=true
batch-2,cmnuo3r9802qeog79rbc0qmyk,EMPTY_PATH,audio,https://mmg.whatsapp.net/v/t62.7117-24/613005188_999536589164532_98851769117533921_n.enc?ccb=11-4&oh=01_Q5Aa4AHWKOuJOXlozRH0kzYli6SpokafuOJ2SLSP8UGni1gbbw&oe=69EE76CC&_nc_sid=5e03e0&mms3=true
batch-2,cmnuo3rbt037cog79w2yfitlb,EMPTY_PATH,audio,https://mmg.whatsapp.net/v/t62.7117-24/613355403_1261553599361378_496499511123354198_n.enc?ccb=11-4&oh=01_Q5Aa4AHW_Y-FVk3BzjwvYFFTVf2P773cieMUl53NtaEonjM6mQ&oe=69EE5E64&_nc_sid=5e03e0&mms3=true
batch-2,cmnuo3r7v024gog795qa4ktf8,EMPTY_PATH,audio,https://mmg.whatsapp.net/v/t62.7117-24/550451184_3474415742697958_7783191703097486724_n.enc?ccb=11-4&oh=01_Q5Aa4AH_SZw4Plpt9Cp3x8VlQNdzk14sMfDuREUA-r54qpw85A&oe=69EE8413&_nc_sid=5e03e0&mms3=true
batch-2,cmnuo3r6z01oxog79mljcqxi0,EMPTY_PATH,audio,https://mmg.whatsapp.net/v/t62.7117-24/541191739_974937965213499_69151836191378822_n.enc?ccb=11-4&oh=01_Q5Aa4AH5WkslVlQeBATvPyS_M61SXeSt-hBev0wyRqikfKd6IA&oe=69EE62F3&_nc_sid=5e03e0&mms3=true
batch-2,cmnuo3r6z01oyog79wqj4eify,EMPTY_PATH,audio,https://mmg.whatsapp.net/v/t62.7117-24/606251160_1495551258902098_428825059168836929_n.enc?ccb=11-4&oh=01_Q5Aa4AHMn4Zrapfi5dybE5QpNzN-QuLstRO7RSRBh1i_UniCZg&oe=69EE5004&_nc_sid=5e03e0&mms3=true
batch-2,cmnuo3r6z01ozog79wqwlso0b,EMPTY_PATH,audio,https://mmg.whatsapp.net/v/t62.7117-24/544581644_1998766021021492_132372667146788312_n.enc?ccb=11-4&oh=01_Q5Aa4AG6Fco_5GKOZ60BHvIoyAgXdXSrzWa22-PNFap56s5FFQ&oe=69EE6DE7&_nc_sid=5e03e0&mms3=true
batch-2,cmnuo3r6z01p0og79gcikjuej,EMPTY_PATH,audio,https://mmg.whatsapp.net/v/t62.7117-24/548380453_1431353062077425_5263514271390255766_n.enc?ccb=11-4&oh=01_Q5Aa4AHNB89tkb8yi9LqTYZkHs3eWRwa78aKS5PItJWPQmxnYg&oe=69EE5D0B&_nc_sid=5e03e0&mms3=true
batch-2,cmnuo3r7001p1og7952wt93tx,EMPTY_PATH,audio,https://mmg.whatsapp.net/v/t62.7117-24/614228323_1415559206987948_1213432218169521910_n.enc?ccb=11-4&oh=01_Q5Aa4AEPJUy8Vhs_WN3NicydlTovpcZrv5VltmMRuZ-UWNhzlQ&oe=69EE78E4&_nc_sid=5e03e0&mms3=true
batch-2,cmnuo3r7001p2og79cwncrtjv,EMPTY_PATH,audio,https://mmg.whatsapp.net/v/t62.7117-24/541986555_1175106087901336_8425786219237971626_n.enc?ccb=11-4&oh=01_Q5Aa4AELb6el2T0G0HBIeecNNpQ0OST1DDwhvoRGOp27_IMCJQ&oe=69EE6BD0&_nc_sid=5e03e0&mms3=true
batch-2,cmnuo3r8502a5og79pqdpvd23,EMPTY_PATH,audio,https://mmg.whatsapp.net/v/t62.7117-24/549520919_1581730252906168_6355753755307005874_n.enc?ccb=11-4&oh=01_Q5Aa4AE6-gyV0NOZNHLpdjCa9JIVDGt7NofXZBEjIYCmcEn9sQ&oe=69EE78AD&_nc_sid=5e03e0&mms3=true
batch-2,cmnuo3r8502a6og79ekjjg90h,EMPTY_PATH,audio,https://mmg.whatsapp.net/v/t62.7117-24/597775253_2350899755337263_3668651539795836357_n.enc?ccb=11-4&oh=01_Q5Aa4AGPwzN2-BuIA2iTcTJTwZ8sYH2CcX2FG_aT4VjBzORWaA&oe=69EE45D6&_nc_sid=5e03e0&mms3=true
batch-2,cmnuo3rbz037yog79dwhi9r10,EMPTY_PATH,audio,https://mmg.whatsapp.net/v/t62.7117-24/610834008_1496353808802194_417389067715015813_n.enc?ccb=11-4&oh=01_Q5Aa4AFNOfLj3APRHPBbwhtjZw3JUjL99DzKoX9G7iKCfICzhA&oe=69EE73A4&_nc_sid=5e03e0&mms3=true
batch-2,cmnuo3r8502a7og799v8ckp65,EMPTY_PATH,audio,https://mmg.whatsapp.net/v/t62.7117-24/543987852_941399394963462_29418377031625704_n.enc?ccb=11-4&oh=01_Q5Aa4AFjrrm3tnj3yp9AomGTF05nAObTelMGh9-1oVy0mlqV5w&oe=69EE5133&_nc_sid=5e03e0&mms3=true
batch-2,cmnuo3r8502a8og79qar58ntn,EMPTY_PATH,audio,https://mmg.whatsapp.net/v/t62.7117-24/614719901_1511018590600109_3596846916475019898_n.enc?ccb=11-4&oh=01_Q5Aa4AFDNXRrNB_gx6rFt0l-txRmeysgg48T4ljRzZQifEdxFw&oe=69EE50F0&_nc_sid=5e03e0&mms3=true
batch-2,cmnuo3rbz037zog79r24swc6y,EMPTY_PATH,audio,https://mmg.whatsapp.net/v/t62.7117-24/542422843_1273859168043581_2236127315716541822_n.enc?ccb=11-4&oh=01_Q5Aa4AF3Z5K15jKq4uQrXvJFYEBqAg7uuSDCfFAieba6Suut1w&oe=69EE2FE4&_nc_sid=5e03e0&mms3=true
batch-2,cmnuo3r8502a9og7959faq13m,EMPTY_PATH,audio,https://mmg.whatsapp.net/v/t62.7117-24/612771347_882676504797092_3665658638912425289_n.enc?ccb=11-4&oh=01_Q5Aa4AEM90afA-191B8IIn4XONpAVTMNA5sK-2nW9IyUFG4sFA&oe=69EE45BB&_nc_sid=5e03e0&mms3=true
batch-2,cmnuo3r7v024hog79xc0bvv8b,EMPTY_PATH,audio,https://mmg.whatsapp.net/v/t62.7117-24/597853730_1970803540214990_3572241890892854280_n.enc?ccb=11-4&oh=01_Q5Aa4AFQAbqdLL-Xz9cxvJB65UhMNHUUKLlIjRGKlOLJ7QXZNQ&oe=69EE37A7&_nc_sid=5e03e0&mms3=true
batch-2,cmnuo3r7001p3og79k40i38i3,EMPTY_PATH,audio,https://mmg.whatsapp.net/v/t62.7117-24/597687187_950487234295016_284661979049176752_n.enc?ccb=11-4&oh=01_Q5Aa4AHK7aPN0tP14EAyKFWP2qdVutKfvYlGWJx8n86K33Mf-g&oe=69EE401B&_nc_sid=5e03e0&mms3=true
batch-2,cmnuo3r7001p4og79w5qvqjum,EMPTY_PATH,audio,https://mmg.whatsapp.net/v/t62.7117-24/614792613_994450583247852_1124273858672442433_n.enc?ccb=11-4&oh=01_Q5Aa4AFrxHz_q28IHynOPHkCZA4na99YmyhQ8R_qGqNNhFljNA&oe=69EE1317&_nc_sid=5e03e0&mms3=true
batch-2,cmnuo3r7001p5og79gaca9yb3,EMPTY_PATH,audio,https://mmg.whatsapp.net/v/t62.7117-24/549560469_2814214615599156_2556611836898376763_n.enc?ccb=11-4&oh=01_Q5Aa4AGW74ByAWvP3q2NXBIotT5qS-7ISSaHLE-ZKaq1FF_rTA&oe=69EE10F2&_nc_sid=5e03e0&mms3=true
batch-2,cmnuo3r8802beog79e5n8cog8,EMPTY_PATH,audio,https://mmg.whatsapp.net/v/t62.7117-24/615260126_1598684551247517_4464687921785674629_n.enc?ccb=11-4&oh=01_Q5Aa4AFVJsmK27TepEhxSGkiHETIM2WzOoEZUw8dP_Rwwbvolw&oe=69EE15AC&_nc_sid=5e03e0&mms3=true
batch-2,cmnuo3r8802bfog79gadp8dtf,EMPTY_PATH,image,https://mmg.whatsapp.net/v/t62.7118-24/614765699_1333320505303309_3069756477154732221_n.enc?ccb=11-4&oh=01_Q5Aa4AEb8mXp094FlGkvglFpg_HRbMYfOqj4Ew28faKIQbtWtA&oe=69EE10F3&_nc_sid=5e03e0&mms3=true
batch-2,cmnuo3r7m0207og79bk22auko,EMPTY_PATH,audio,https://mmg.whatsapp.net/v/t62.7117-24/551104486_2372123293280271_4393703583343163366_n.enc?ccb=11-4&oh=01_Q5Aa4AF00OVDza3Ra58-aGVn7W5m9k-vX3ZfYVKYTiw3hhA9-w&oe=69EE2535&_nc_sid=5e03e0&mms3=true
batch-2,cmnuo3r7m0208og796sz2byzu,EMPTY_PATH,audio,https://mmg.whatsapp.net/v/t62.7117-24/594031908_2074574063112129_8362481735759507103_n.enc?ccb=11-4&oh=01_Q5Aa4AHX3lbL39CkTeHdiXe32NT5li9qTVzmJS-ZdjIlLg2SZQ&oe=69EE1AEF&_nc_sid=5e03e0&mms3=true
batch-2,cmnuo3r7v024iog798z130o5b,EMPTY_PATH,audio,https://mmg.whatsapp.net/v/t62.7117-24/557542359_829965152719827_1911056109582887313_n.enc?ccb=11-4&oh=01_Q5Aa4AHWEi3lPCvFsyR0zetvI6nAbaYW9Mm7IaZfuSoedpJwEw&oe=69EE2F1A&_nc_sid=5e03e0&mms3=true
batch-2,cmnuo3r7001p6og79bhdepaf2,EMPTY_PATH,audio,https://mmg.whatsapp.net/v/t62.7117-24/596948712_1263957142509049_26289904720272907_n.enc?ccb=11-4&oh=01_Q5Aa4AE6RgJpLxekInvJs6xpPmSD0TA3j46OlViFh9Cxr0ZP4Q&oe=69EE239C&_nc_sid=5e03e0&mms3=true
batch-2,cmnuo3r8502aaog79k7tjxzni,EMPTY_PATH,audio,https://mmg.whatsapp.net/v/t62.7117-24/545754249_946166767906714_8293067810544317427_n.enc?ccb=11-4&oh=01_Q5Aa4AEq7PdiO1cvJUKMNZJIXCQQ5WnJ2UI-6TQheXT9mDDZPQ&oe=69EE0F1D&_nc_sid=5e03e0&mms3=true
batch-2,cmnuo3r6x01ngog79z3iat9dl,EMPTY_PATH,audio,https://mmg.whatsapp.net/v/t62.7117-24/545928964_945546744841578_4286603955928857983_n.enc?ccb=11-4&oh=01_Q5Aa4AGiul95ecqCIbXf9vzRn9iPp37vgS5japubD_XTSSS9OQ&oe=69EE17B3&_nc_sid=5e03e0&mms3=true
batch-2,cmnuo3r7001p7og79tdhlhnie,EMPTY_PATH,audio,https://mmg.whatsapp.net/v/t62.7117-24/594083628_2010489963155138_6046697967705601473_n.enc?ccb=11-4&oh=01_Q5Aa4AEdB2Qub2g7C-kteAO9T3tGT-msvXTCidmVq2j9vg3Vaw&oe=69EE3985&_nc_sid=5e03e0&mms3=true
batch-2,cmnuo3r7001p8og79cpn7s97y,EMPTY_PATH,audio,https://mmg.whatsapp.net/v/t62.7117-24/614286658_1287975323225027_345033475406230769_n.enc?ccb=11-4&oh=01_Q5Aa4AGXgZnEygyHAiHnVdWV7PTy6HAWFWBLoauAF6kYZdVq3Q&oe=69EE347E&_nc_sid=5e03e0&mms3=true
batch-2,cmnuo3r6x01nhog79qczxsk24,EMPTY_PATH,audio,https://mmg.whatsapp.net/v/t62.7117-24/544806294_1269673301931894_876349352319429705_n.enc?ccb=11-4&oh=01_Q5Aa4AGpd0Mz0F2LpDHco21Si3isVFqjncMzS5FzlwfKL1bKIg&oe=69EE2DD8&_nc_sid=5e03e0&mms3=true
batch-2,cmnuo3r8802bgog79qnb98gss,EMPTY_PATH,audio,https://mmg.whatsapp.net/v/t62.7117-24/555539326_2346601515840135_7197580593197229009_n.enc?ccb=11-4&oh=01_Q5Aa4AFe1AnfoHIAg0uNsdwyngwWzxBDM-VZE54dWA26_H8hjQ&oe=69EE07D5&_nc_sid=5e03e0&mms3=true
batch-2,cmnuo3r6x01njog79eu1i1ar1,EMPTY_PATH,audio,https://mmg.whatsapp.net/v/t62.7117-24/542361411_937515418977083_363709232360731446_n.enc?ccb=11-4&oh=01_Q5Aa4AFHsGiUoclfDNNX_BJhjfUtNf2emZOx8FBJOIUclKUPJQ&oe=69EDF8F8&_nc_sid=5e03e0&mms3=true
batch-2,cmnuo3r7m0209og79mu2xpro8,EMPTY_PATH,audio,https://mmg.whatsapp.net/v/t62.7117-24/558224647_2124789731788627_627910378995287302_n.enc?ccb=11-4&oh=01_Q5Aa4AFafRXY0QgH0zllTmlVY7qLKgxYdILJ5x0OrL5cyY6-1Q&oe=69EE0356&_nc_sid=5e03e0&mms3=true
batch-2,cmnuo3r8802bhog798t6fjyj2,EMPTY_PATH,audio,https://mmg.whatsapp.net/v/t62.7117-24/550226805_2473829303086664_5742143466505124524_n.enc?ccb=11-4&oh=01_Q5Aa4AFSZDGZ6p22cip5V_RG1VtXyRIWalFpTUnTQJRAVWaOdQ&oe=69EDF754&_nc_sid=5e03e0&mms3=true
batch-2,cmnuo3r7m020aog79yx571me0,EMPTY_PATH,audio,https://mmg.whatsapp.net/v/t62.7117-24/610746846_1287050749991090_3119713158406396649_n.enc?ccb=11-4&oh=01_Q5Aa4AGuGpKbuzuqrEANncL4iLqUdv4LhRT9-FuuEm8OC0EqFw&oe=69EDEE96&_nc_sid=5e03e0&mms3=true
batch-2,cmnuo3r7m020bog799ziwt9y1,EMPTY_PATH,audio,https://mmg.whatsapp.net/v/t62.7117-24/542763479_804152109403079_7184901647513861369_n.enc?ccb=11-4&oh=01_Q5Aa4AH9iAWW2vp00xsqiWF-rEsEjxPiy-2q1m-pUY-yjfBFCA&oe=69EDFE3F&_nc_sid=5e03e0&mms3=true
batch-2,cmnuo3r8802biog79vo0vxzxa,EMPTY_PATH,audio,https://mmg.whatsapp.net/v/t62.7117-24/546201621_940559945175432_7315741851688256315_n.enc?ccb=11-4&oh=01_Q5Aa4AGk0fg6-2y_MnOxwKoINJJ_WAYLXLAa33nv7-kgI3zBFg&oe=69EDE6BC&_nc_sid=5e03e0&mms3=true
batch-2,cmnuo3r9k02w7og799xqkjx8n,EMPTY_PATH,image,https://mmg.whatsapp.net/v/t62.7118-24/544773778_2149781719119189_6465658217515139328_n.enc?ccb=11-4&oh=01_Q5Aa4AHvP5RQ5hT0sAVLLsQ9TANhGwMRKj8Pzc04h3eoWnnLuw&oe=69EDEAB5&_nc_sid=5e03e0&mms3=true
batch-2,cmnuo3r8502abog79h6zwphio,EMPTY_PATH,audio,https://mmg.whatsapp.net/v/t62.7117-24/546073483_4324763174448798_1747091669744416522_n.enc?ccb=11-4&oh=01_Q5Aa4AHgrpeuHqSj5hpSz3FxDvYDPb-tPiER51UocarVKrbscw&oe=69EE0F34&_nc_sid=5e03e0&mms3=true
batch-2,cmnuo3r9t030jog79wr9lnmwn,EMPTY_PATH,audio,https://mmg.whatsapp.net/v/t62.7117-24/544633056_2163689037812397_5554158206673888586_n.enc?ccb=11-4&oh=01_Q5Aa4AHsywEAp1yp41cEcIdzvIERREPIZOOlUxexrj58ArKb5A&oe=69EDDD94&_nc_sid=5e03e0&mms3=true
batch-2,cmnuo3r7c01v6og79npw5urb8,EMPTY_PATH,audio,https://mmg.whatsapp.net/v/t62.7117-24/559405794_1695240951649695_3253864789885345366_n.enc?ccb=11-4&oh=01_Q5Aa4AFAi_Adgl7qXt51eRM3RuHuZqdFUIbOkuxmSMivzsR8Rg&oe=69EDCE7F&_nc_sid=5e03e0&mms3=true
batch-2,cmnuo3r7c01v7og790ym5ar18,EMPTY_PATH,audio,https://mmg.whatsapp.net/v/t62.7117-24/606101529_3754717134824155_2870101824742585545_n.enc?ccb=11-4&oh=01_Q5Aa4AEhWoOmqA4RN_of3q7OlRYiAClMe7yf9b1-7kuMbc9WrQ&oe=69ED710C&_nc_sid=5e03e0&mms3=true
batch-2,cmnuo3r9q02zgog79nx9q9sse,EMPTY_PATH,audio,https://mmg.whatsapp.net/v/t62.7117-24/543940179_2093381861525383_221406098744044955_n.enc?ccb=11-4&oh=01_Q5Aa4AGFcUrqNvGj3ql8SyLkzVrEicMtLM5yscZvHht7bkVKhQ&oe=69ED72C7&_nc_sid=5e03e0&mms3=true
batch-2,cmnuo3r9r02zhog79pkuk16nd,EMPTY_PATH,audio,https://mmg.whatsapp.net/v/t62.7117-24/612764820_975417001834530_6702811183672893118_n.enc?ccb=11-4&oh=01_Q5Aa4AEmNEsOwj0_GVml6aIcvqBXcvq8GtTW_0PSgKYpX25Ozg&oe=69ED97F8&_nc_sid=5e03e0&mms3=true
batch-2,cmnuo3r9r02ziog79eq6luzaf,EMPTY_PATH,audio,https://mmg.whatsapp.net/v/t62.7117-24/540948128_26723544443909720_2255244556565375746_n.enc?ccb=11-4&oh=01_Q5Aa4AE_onjJVAWm2dzEQ83qeBdlgMG2cgeCuVJtCe5jcnxrbg&oe=69ED7467&_nc_sid=5e03e0&mms3=true
batch-2,cmnuo3r9r02zjog790yf9bi3g,EMPTY_PATH,audio,https://mmg.whatsapp.net/v/t62.7117-24/609334815_868531276196989_707491502131365117_n.enc?ccb=11-4&oh=01_Q5Aa4AE1WnAnytmlCOOygfnknR3YORAuQ79-C95VKE57RBL6fA&oe=69ED69ED&_nc_sid=5e03e0&mms3=true
batch-2,cmnuo3r8e02ejog798epo5zcf,EMPTY_PATH,audio,https://mmg.whatsapp.net/v/t62.7117-24/609677282_1222673809644045_5329095573323632618_n.enc?ccb=11-4&oh=01_Q5Aa4AHY5SXk0VZo1GNYgijVFHtKbw5nfrEnVmMIf7pkaSwjtw&oe=69ED7825&_nc_sid=5e03e0&mms3=true
batch-2,cmnuo3r8e02ekog797p0mnss6,EMPTY_PATH,audio,https://mmg.whatsapp.net/v/t62.7117-24/612472097_1266635205574161_3991070684655980311_n.enc?ccb=11-4&oh=01_Q5Aa4AGb2VKhKK6Lmd15n0FM-TLdeFpzI1dB0SLDLAQUaF-VQA&oe=69ED7103&_nc_sid=5e03e0&mms3=true
batch-2,cmnuo3r7n020cog79gouttgyv,EMPTY_PATH,audio,https://mmg.whatsapp.net/v/t62.7117-24/548392214_1554517303349844_9096900257845812723_n.enc?ccb=11-4&oh=01_Q5Aa4AFaq11Nj7lHaUbysqkLzSLKlA3f97ExQCjbBsI293aArQ&oe=69ED741F&_nc_sid=5e03e0&mms3=true
batch-2,cmnuo3r7n020dog7923mf1kxg,EMPTY_PATH,audio,https://mmg.whatsapp.net/v/t62.7117-24/546085422_1438807714123031_2093198079784739968_n.enc?ccb=11-4&oh=01_Q5Aa4AGBeyDtZbvUXdPlVmD71691GeL3hBxUErc_Q0MeK2mDvw&oe=69ED795E&_nc_sid=5e03e0&mms3=true
batch-2,cmnuo3rbt037fog796ue1e7ry,EMPTY_PATH,audio,https://mmg.whatsapp.net/v/t62.7117-24/614408123_2450737188680772_6036983673060000777_n.enc?ccb=11-4&oh=01_Q5Aa4AG4P7w92Wy-XnysznHgXwRjvt_CXjLzq3Gdvwo7JzO0kg&oe=69ED5DAF&_nc_sid=5e03e0&mms3=true
batch-2,cmnuo3r7c01v8og79gec4l7de,EMPTY_PATH,audio,https://mmg.whatsapp.net/v/t62.7117-24/610144675_3879634475675258_7610628135389171536_n.enc?ccb=11-4&oh=01_Q5Aa4AElMFdd_wOVEJVPrRdVgrsbk8GiXcpu_B-ch7M6VrUIPg&oe=69ED6C45&_nc_sid=5e03e0&mms3=true
batch-2,cmnuo3rbs036mog792ab7wru0,EMPTY_PATH,audio,https://mmg.whatsapp.net/v/t62.7117-24/550760784_1870045193656165_7926407419295467662_n.enc?ccb=11-4&oh=01_Q5Aa4AGTVTceFFSRbanBLlVHnkGEMJolgn5QZz-omzirMI12Ew&oe=69ED8B4B&_nc_sid=5e03e0&mms3=true
batch-2,cmnuo3r8802bjog79ecntz8xv,EMPTY_PATH,audio,https://mmg.whatsapp.net/v/t62.7117-24/584721596_1985113879090423_2942186116334162941_n.enc?ccb=11-4&oh=01_Q5Aa4AGwGCZcbHJ_pvcHD431fjMAlEQcbsWV4x8Px0VBasuTwg&oe=69ED69F2&_nc_sid=5e03e0&mms3=true
batch-2,cmnuo3rbu037gog79rst7gmgv,EMPTY_PATH,audio,https://mmg.whatsapp.net/v/t62.7117-24/609430480_1611175353332105_4625681431669921615_n.enc?ccb=11-4&oh=01_Q5Aa4AF2iMfSArs6uiJcChDR9-OGLmuTKpRX1-Vf4EBkCi56EA&oe=69ED7885&_nc_sid=5e03e0&mms3=true
batch-2,cmnuo3r8802bkog79pc10dlqb,EMPTY_PATH,audio,https://mmg.whatsapp.net/v/t62.7117-24/544490671_1249583847365796_4735279311195695985_n.enc?ccb=11-4&oh=01_Q5Aa4AF4xaAMkXURGsggPd7IkErgA497aArT0DQe8XJ8ZSYqkg&oe=69ED68B4&_nc_sid=5e03e0&mms3=true
batch-2,cmnuo3r7c01v9og79jnwrmrvs,EMPTY_PATH,audio,https://mmg.whatsapp.net/v/t62.7117-24/545249837_1479660570407903_7379354816914983734_n.enc?ccb=11-4&oh=01_Q5Aa4AGT_5Tj8LDMMBJwyQE8BE7dvOMA04Wr2gnqTMcl4nzHHw&oe=69ED8293&_nc_sid=5e03e0&mms3=true
batch-2,cmnuo3r7c01vaog79jgme561i,EMPTY_PATH,audio,https://mmg.whatsapp.net/v/t62.7117-24/544354238_815400154324471_8429885771054281515_n.enc?ccb=11-4&oh=01_Q5Aa4AGqO7eBHhrTDhy2VnKPD1B4RPm7xFYAI3rj4N6rqrGKvw&oe=69ED8998&_nc_sid=5e03e0&mms3=true
batch-2,cmnuo3r7c01vbog79g09awt4b,EMPTY_PATH,audio,https://mmg.whatsapp.net/v/t62.7117-24/548017922_1941407569796781_7496164146961305106_n.enc?ccb=11-4&oh=01_Q5Aa4AER8kfNupeVBIfgpP3p9ll59MR7g60QOU1KnHtZsjH1rQ&oe=69ED670C&_nc_sid=5e03e0&mms3=true
batch-2,cmnuo3r9t030kog79qbigf0e2,EMPTY_PATH,audio,https://mmg.whatsapp.net/v/t62.7117-24/549453484_4575775252655412_4459172796506757366_n.enc?ccb=11-4&oh=01_Q5Aa4AHatQMuvJ5qVd4s332khP0bd57XpnV43XnK0DO8WF81ig&oe=69ED82E2&_nc_sid=5e03e0&mms3=true
batch-2,cmnuo3r9u030log793v1zl57y,EMPTY_PATH,audio,https://mmg.whatsapp.net/v/t62.7117-24/609780882_1311509234134959_5791799927211586021_n.enc?ccb=11-4&oh=01_Q5Aa4AGstGrbjd8zcYAkIXawrifx9VdS6ebTDkeeqK07dusnew&oe=69ED8984&_nc_sid=5e03e0&mms3=true
batch-2,cmnuo3r7c01vcog79e9hboqou,EMPTY_PATH,audio,https://mmg.whatsapp.net/v/t62.7117-24/547861399_2358380284644690_7243815158252253398_n.enc?ccb=11-4&oh=01_Q5Aa4AEC6JggiJ5dA629sIPi0jU_Wl2npThm4_IDeqcaTYbWvA&oe=69ED6ED3&_nc_sid=5e03e0&mms3=true
batch-2,cmnuo3rbx037hog79eyn591wn,EMPTY_PATH,audio,https://mmg.whatsapp.net/v/t62.7117-24/560700414_823908606738142_2794064261912340446_n.enc?ccb=11-4&oh=01_Q5Aa4AETN3Nu7P9z3Xf8KhkXEbx5JM7B5mlEyByGAzZpvSehCQ&oe=69ED7C8A&_nc_sid=5e03e0&mms3=true
batch-2,cmnuo3rbs036nog795vosce9c,EMPTY_PATH,audio,https://mmg.whatsapp.net/v/t62.7117-24/545860774_943877621451720_4147155077115594562_n.enc?ccb=11-4&oh=01_Q5Aa4AGZZhi_wWdtVh3Ef4lWkmE9tJMLYtpEtVN5nJPxCFSjug&oe=69ED6CEF&_nc_sid=5e03e0&mms3=true
batch-2,cmnuo3rbs036oog79bujoxpi0,EMPTY_PATH,audio,https://mmg.whatsapp.net/v/t62.7117-24/612835843_1596499611404258_2142600274870653963_n.enc?ccb=11-4&oh=01_Q5Aa4AGIhOTxxx6sucahOahSzmAVo-Xcq2eLja31WniaKeDwJQ&oe=69ED84A1&_nc_sid=5e03e0&mms3=true
batch-2,cmnuo3rbe035eog79xla4ggcd,EMPTY_PATH,audio,https://mmg.whatsapp.net/v/t62.7117-24/606467544_1569276934158139_5780178845593336628_n.enc?ccb=11-4&oh=01_Q5Aa4AEEpkZf91HdZYpEPTtwF-gTv0ovCXn76NJXzry4aj8JYw&oe=69ED4F85&_nc_sid=5e03e0&mms3=true
batch-2,cmnuo3r7c01vdog79wylg7x1h,EMPTY_PATH,audio,https://mmg.whatsapp.net/v/t62.7117-24/545501198_1310073724505047_7770221623309805387_n.enc?ccb=11-4&oh=01_Q5Aa4AHVuKwAgi7wPLKuAAa3tkpJ9kdlOIMe5qwbt1wT0NfYpw&oe=69ED62BC&_nc_sid=5e03e0&mms3=true
batch-2,cmnuo3rbs036tog79qz1hg7mw,EMPTY_PATH,audio,https://mmg.whatsapp.net/v/t62.7117-24/613364481_3491916590974280_8460641087322380155_n.enc?ccb=11-4&oh=01_Q5Aa4AEw5qwY7JuCa7ddZctv273_FUFfNH_CyJGTkqAgJ6dgYg&oe=69ED6CF2&_nc_sid=5e03e0&mms3=true
batch-2,cmnuo3rbs036uog796v6l7kb9,EMPTY_PATH,audio,https://mmg.whatsapp.net/v/t62.7117-24/614668747_784841194695724_1695073224175737343_n.enc?ccb=11-4&oh=01_Q5Aa4AF_tioMxMsAe_cMldsHAMxIqZOVGw2bO2juAAZnW5VUZA&oe=69ED4D6E&_nc_sid=5e03e0&mms3=true
batch-2,cmnuo3r7c01veog79dugg8dy8,EMPTY_PATH,audio,https://mmg.whatsapp.net/v/t62.7117-24/612660170_871245689256398_2735249173465150739_n.enc?ccb=11-4&oh=01_Q5Aa4AHEUTKsew3FKHlDXRP016KDe0Ik3FyV8NDthmvFvOPH5Q&oe=69ED4961&_nc_sid=5e03e0&mms3=true
batch-2,cmnuo3rbe035fog79qh8jpem8,EMPTY_PATH,audio,https://mmg.whatsapp.net/v/t62.7117-24/594221375_25953865564315840_6756752051316133831_n.enc?ccb=11-4&oh=01_Q5Aa4AF44Un-k4bwNfV0bDxWGg6eKFHEhBB21JD_N7LWrLTmLw&oe=69ED36DC&_nc_sid=5e03e0&mms3=true
batch-2,cmnuo3rbe035gog79kyf6crk1,EMPTY_PATH,audio,https://mmg.whatsapp.net/v/t62.7117-24/542466777_1332283998727534_2486326545632121299_n.enc?ccb=11-4&oh=01_Q5Aa4AFuYWCw_YhOuIPDF04g489Q4B-o6YepcLUFxhP8tZwleg&oe=69ED5733&_nc_sid=5e03e0&mms3=true
batch-2,cmnuo3rbe035hog795lh0blup,EMPTY_PATH,audio,https://mmg.whatsapp.net/v/t62.7117-24/613220045_795271406528660_3182448781950945738_n.enc?ccb=11-4&oh=01_Q5Aa4AH3pA9IsnfOfVKCyM_iuEmp1WwQXHLBt3_5KXQiGVJIyA&oe=69ED4CAB&_nc_sid=5e03e0&mms3=true
batch-2,cmnuo3r9u030mog79q39o93zq,EMPTY_PATH,audio,https://mmg.whatsapp.net/v/t62.7117-24/563590129_947041388220667_8662285409461321055_n.enc?ccb=11-4&oh=01_Q5Aa4AHNM8HBcCZx0VKB2-33Jxxg4g1iaLHsZel04DiGVqcUXQ&oe=69ED41F5&_nc_sid=5e03e0&mms3=true
batch-2,cmnuo3r8o02hwog79wizqf5xm,EMPTY_PATH,audio,https://mmg.whatsapp.net/v/t62.7117-24/616884414_4319948988285739_978418039524848523_n.enc?ccb=11-4&oh=01_Q5Aa4AGriqV8Gw1ru0CQGiDkOPlww6lkSHB99ISh_dRdCDGSNw&oe=69ED51F3&_nc_sid=5e03e0&mms3=true
batch-2,cmnuo3r9u030nog79fjyzp0mt,EMPTY_PATH,audio,https://mmg.whatsapp.net/v/t62.7117-24/609907091_922394690571425_8617834789114838432_n.enc?ccb=11-4&oh=01_Q5Aa4AFBvNacY45cD4XnSTVpc1ViXtyWc5FhbWZJGCUAcIgAog&oe=69ED42F0&_nc_sid=5e03e0&mms3=true
batch-2,cmnuo3rbe035iog797pp5fhso,EMPTY_PATH,audio,https://mmg.whatsapp.net/v/t62.7117-24/545809838_1295492099090894_2211637738992748524_n.enc?ccb=11-4&oh=01_Q5Aa4AEEKtjMYXqywSFZR3pwGeRdCgTsg3mJ5DwwnFHWCEeJ4A&oe=69ED67DF&_nc_sid=5e03e0&mms3=true
batch-2,cmnuo3rbe035jog79aj4l83rj,EMPTY_PATH,audio,https://mmg.whatsapp.net/v/t62.7117-24/545782693_2014751612771975_1814301366938865057_n.enc?ccb=11-4&oh=01_Q5Aa4AFQLVWv3J-z-N9pn2YSfdw0E2m5wCelCegxaJ7WQhzxRg&oe=69ED64AF&_nc_sid=5e03e0&mms3=true
batch-2,cmnuo3rbe035kog79e4qom2t4,EMPTY_PATH,audio,https://mmg.whatsapp.net/v/t62.7117-24/546450786_1728617614597804_8150603345350843385_n.enc?ccb=11-4&oh=01_Q5Aa4AEVqgim10b8Lkrt5KjtanUkfRAgTvOAw-zY0K_9WCRW1w&oe=69ED3CDA&_nc_sid=5e03e0&mms3=true
batch-2,cmnuo3r9u030oog79ij3tnzo1,EMPTY_PATH,audio,https://mmg.whatsapp.net/v/t62.7117-24/585279172_1475170191069280_519108286240489800_n.enc?ccb=11-4&oh=01_Q5Aa4AEdNyPUuSPUDzRBUUaBYtA1VsXwhmzMygZ2ScusLoG5HQ&oe=69ED3E0F&_nc_sid=5e03e0&mms3=true
batch-2,cmnuo3r9u030pog7909l4q5z6,EMPTY_PATH,audio,https://mmg.whatsapp.net/v/t62.7117-24/564948886_1533668502094953_3355286879995563058_n.enc?ccb=11-4&oh=01_Q5Aa4AHvUdoxkjXrLxutEfGwgXIFnAciTaDoxDQOziQ9zGubRw&oe=69ED3859&_nc_sid=5e03e0&mms3=true
batch-2,cmnuo3r8o02hxog79r5eujngg,EMPTY_PATH,audio,https://mmg.whatsapp.net/v/t62.7117-24/556196522_796293313531427_6814957803861857301_n.enc?ccb=11-4&oh=01_Q5Aa4AE5U9F5coSUvhLG5ZvHhEXmm5YHpvEo5BszvZm1sIJVyg&oe=69ED482B&_nc_sid=5e03e0&mms3=true
batch-2,cmnuo3r9u030qog791fqjp4bq,EMPTY_PATH,audio,https://mmg.whatsapp.net/v/t62.7117-24/606135974_1992198365038465_4235907284746280471_n.enc?ccb=11-4&oh=01_Q5Aa4AGJ3_xFST8uuCZodvRuILkYxh0sPqurN3zPZ-5lkPfRGw&oe=69ED667F&_nc_sid=5e03e0&mms3=true
batch-2,cmnuo3r9u030rog79ado8wpyi,EMPTY_PATH,audio,https://mmg.whatsapp.net/v/t62.7117-24/548110398_1625191855195019_5871401172477536367_n.enc?ccb=11-4&oh=01_Q5Aa4AG-3WrxDsJN-yVopZImt1wXsJpx_TgVsvkY_sVhW6gH9A&oe=69ED56CD&_nc_sid=5e03e0&mms3=true
batch-2,cmnuo3r9v030sog79fplc3dze,EMPTY_PATH,audio,https://mmg.whatsapp.net/v/t62.7117-24/542279988_2140489356490710_6858120072121119082_n.enc?ccb=11-4&oh=01_Q5Aa4AHEqz6LVu3lk0SLkKxSpKe6W3rzTxxEqSDmzn9pEIijqg&oe=69ED3695&_nc_sid=5e03e0&mms3=true
batch-2,cmnuo3r9v030tog79kauzzfay,EMPTY_PATH,audio,https://mmg.whatsapp.net/v/t62.7117-24/597077313_923436210661203_2685935997181319027_n.enc?ccb=11-4&oh=01_Q5Aa4AF0YcQ3EDfGhvSxY8L_U4TDAd0OLJBFPbmHkA-Eej9_dA&oe=69ED3CFA&_nc_sid=5e03e0&mms3=true
batch-2,cmnuo3r9v030uog79npitjret,EMPTY_PATH,audio,https://mmg.whatsapp.net/v/t62.7117-24/609626590_2054536038779970_9004572036889827978_n.enc?ccb=11-4&oh=01_Q5Aa4AHu2pgdQ7fU8zw8vqlkxLou0fv69-3T92hT-AkfpLkEUg&oe=69ED511C&_nc_sid=5e03e0&mms3=true
batch-2,cmnuo3r9v030vog79nxdfkbb2,EMPTY_PATH,audio,https://mmg.whatsapp.net/v/t62.7117-24/610159300_901926939490610_7063056083543627252_n.enc?ccb=11-4&oh=01_Q5Aa4AGC_ZuucpaRrU77N1t2gqkx0TO_FHqvPP2kVHfSioGivA&oe=69ED45E2&_nc_sid=5e03e0&mms3=true
batch-2,cmnuo3r9v030wog795p3j9rzl,EMPTY_PATH,audio,https://mmg.whatsapp.net/v/t62.7117-24/548205420_915407908030793_7420926081753822716_n.enc?ccb=11-4&oh=01_Q5Aa4AEsAWjYhKO0nKAxG0IOEW1qeKyeJThmogP10wG_34g0uQ&oe=69ED39C3&_nc_sid=5e03e0&mms3=true
batch-2,cmnuo3rbe035log799ca7gmi9,EMPTY_PATH,audio,https://mmg.whatsapp.net/v/t62.7117-24/540954979_2785965665083911_1815967690005377277_n.enc?ccb=11-4&oh=01_Q5Aa4AFpw8osh36IqC4TrTx4uGDGHev8D2KetT6F1EUr_NQvrw&oe=69ED4470&_nc_sid=5e03e0&mms3=true
batch-2,cmnuo3rbe035mog79zam0n3y1,EMPTY_PATH,audio,https://mmg.whatsapp.net/v/t62.7117-24/545405232_843247412120417_1452841248465419677_n.enc?ccb=11-4&oh=01_Q5Aa4AGWQM9RKKgH2KX2dktgiqPvQuexnO0yw4MlKEGqq5K9cQ&oe=69ED29AA&_nc_sid=5e03e0&mms3=true
batch-2,cmnuo3rbe035nog79je5rqxwx,EMPTY_PATH,audio,https://mmg.whatsapp.net/v/t62.7117-24/556058773_1239057728343960_966089243530520572_n.enc?ccb=11-4&oh=01_Q5Aa4AFDK795b0OtdEjSxQEsAFSm8j6fZDbSTz7wySX0B5asgQ&oe=69ED4DB9&_nc_sid=5e03e0&mms3=true
batch-2,cmnuo3rbf035oog79z063dlen,EMPTY_PATH,audio,https://mmg.whatsapp.net/v/t62.7117-24/610448250_2362628417538422_2026118639323650313_n.enc?ccb=11-4&oh=01_Q5Aa4AEkTspzwWLpM8fXGFXqeGn10EahvR2RCQkeOWBYBzZsJw&oe=69ED4332&_nc_sid=5e03e0&mms3=true
batch-2,cmnuo3rbj035pog79xpy3dlqc,EMPTY_PATH,audio,https://mmg.whatsapp.net/v/t62.7117-24/548793597_1037261572807768_4058310063920284534_n.enc?ccb=11-4&oh=01_Q5Aa4AFOT7Wa-mancW4dmx6QkEhoFmOmAqZ9QoNwu6lgljiG8A&oe=69ED4D7B&_nc_sid=5e03e0&mms3=true
batch-2,cmnuo3r9k02w8og79nqr86eyb,EMPTY_PATH,audio,https://mmg.whatsapp.net/v/t62.7117-24/611004817_1615250949743793_930174593306370387_n.enc?ccb=11-4&oh=01_Q5Aa4AHRG_5RM1ZGmeHP-6N2j5jjmiGRXA6X5GnzirDRnttAgQ&oe=69ED5657&_nc_sid=5e03e0&mms3=true
batch-2,cmnuo3r9k02w9og79slpl7jxs,EMPTY_PATH,audio,https://mmg.whatsapp.net/v/t62.7117-24/544745700_1680278453149610_899726042869778486_n.enc?ccb=11-4&oh=01_Q5Aa4AEDrboIQCXli6cuBd0X7yvFceuniKZaSFwQw4PyGZm5fw&oe=69ED4B5E&_nc_sid=5e03e0&mms3=true
batch-2,cmnuo3rbk035qog79tqytn1o8,EMPTY_PATH,audio,https://mmg.whatsapp.net/v/t62.7117-24/613871612_710398958761372_6645490881633355021_n.enc?ccb=11-4&oh=01_Q5Aa4AFAEPcC67NCW5sPmahFsH3QLgU7XGjKimcSbn7utJRynw&oe=69ED3F14&_nc_sid=5e03e0&mms3=true
batch-2,cmnuo3rbm035rog79hh831tdj,EMPTY_PATH,audio,https://mmg.whatsapp.net/v/t62.7117-24/612752390_2166891664082342_6879672236298927681_n.enc?ccb=11-4&oh=01_Q5Aa4AFwER1HZ-OiykuBVZVKj85U022v3TUxbsh1M9DTIc8LwA&oe=69ED547F&_nc_sid=5e03e0&mms3=true
batch-2,cmnuo3r8w02kqog79h8pr1fi7,EMPTY_PATH,audio,https://mmg.whatsapp.net/v/t62.7117-24/563448373_787421927382418_3368854494299004014_n.enc?ccb=11-4&oh=01_Q5Aa4AFbGwerj0yYv9E8_F-wXtZtErHnvR-WBajoqxbNtnYUDw&oe=69ED25EF&_nc_sid=5e03e0&mms3=true
batch-2,cmnuo3r8w02krog79xqcep7lj,EMPTY_PATH,audio,https://mmg.whatsapp.net/v/t62.7117-24/596510509_3200602640112060_6274522517473388153_n.enc?ccb=11-4&oh=01_Q5Aa4AGiYZPrEkpDAE_GEsONF9_B73uoqJeZstab5QW7ysQh8Q&oe=69ED3802&_nc_sid=5e03e0&mms3=true
batch-2,cmnuo3r9k02waog79df18bq59,EMPTY_PATH,audio,https://mmg.whatsapp.net/v/t62.7117-24/544983107_2403259506788114_5064068312363676882_n.enc?ccb=11-4&oh=01_Q5Aa4AFtgKvr4mbQo_sH9-zZGGNjm-9Y6btx_Zk-2EHDdaVqCg&oe=69ED3091&_nc_sid=5e03e0&mms3=true
batch-2,cmnuo3r8w02ksog79cmeiryqa,EMPTY_PATH,audio,https://mmg.whatsapp.net/v/t62.7117-24/548605548_945497947981761_6136256038086919576_n.enc?ccb=11-4&oh=01_Q5Aa4AFd9W8uefa5rLsWyWhNzRShvtvL0EyPWyRY2zmRxyrxBA&oe=69ED4457&_nc_sid=5e03e0&mms3=true
batch-2,cmnuo3rbm035sog79flxprf0j,EMPTY_PATH,audio,https://mmg.whatsapp.net/v/t62.7117-24/609141425_1605451124016533_6683587285487009206_n.enc?ccb=11-4&oh=01_Q5Aa4AG6xWE8X2ywNFlY6js_4quWxMK6LEnKJ15inhWXrLVxEA&oe=69ED55E9&_nc_sid=5e03e0&mms3=true
batch-2,cmnuo3rbm035tog79wfoi1zpa,EMPTY_PATH,audio,https://mmg.whatsapp.net/v/t62.7117-24/549560820_1236189312055422_4772960414745510564_n.enc?ccb=11-4&oh=01_Q5Aa4AEEg-f525POLwcP3hbfkVTar6cKl74MRzyUoZtrYZpsDw&oe=69ED55D0&_nc_sid=5e03e0&mms3=true
batch-2,cmnuo3rbm035uog792tuaa6mc,EMPTY_PATH,audio,https://mmg.whatsapp.net/v/t62.7117-24/610448246_2784220685268159_7301742867507751525_n.enc?ccb=11-4&oh=01_Q5Aa4AH9fKros4PKtzx5bCpf0P1ESK4AFuBG_Et6JUknMxqeFw&oe=69ED35EA&_nc_sid=5e03e0&mms3=true
batch-2,cmnuo3r7n020eog79pab8bc5f,EMPTY_PATH,audio,https://mmg.whatsapp.net/v/t62.7117-24/610736634_2073747503482427_1025060311076646040_n.enc?ccb=11-4&oh=01_Q5Aa4AHp4dj-qjdwugH8_zfrHS8EcqsnNCWTexQdLInk7HKyKA&oe=69ED515D&_nc_sid=5e03e0&mms3=true
batch-2,cmnuo3r9k02wdog792vn7ge0f,EMPTY_PATH,image,https://mmg.whatsapp.net/v/t62.7118-24/544143925_1282069260579991_2112341016025982756_n.enc?ccb=11-4&oh=01_Q5Aa4AEF3LMzMA76x3r89FizZfV3x-VqTde89RRNG6wrlYSFuQ&oe=69ED26E0&_nc_sid=5e03e0&mms3=true
batch-2,cmnuo3r9k02wfog7948o1b65y,EMPTY_PATH,video,https://mmg.whatsapp.net/v/t62.7161-24/546084524_791348936995095_3070173676095848255_n.enc?ccb=11-4&oh=01_Q5Aa4AEjMA_yTuCWZkQ0Xxz0gtQPZJBQDYDfSMCCq7fOVb6hNg&oe=69ED2EB0&_nc_sid=5e03e0&mms3=true
batch-2,cmnuo3r8e02elog79fzr03f2i,EMPTY_PATH,audio,https://mmg.whatsapp.net/v/t62.7117-24/597796976_1243879634482219_4918825984009734546_n.enc?ccb=11-4&oh=01_Q5Aa4AH-2fP6-yFjl2dtVT6Q8fln2iPaF3CuGnwpHtYTShW-hw&oe=69ED2148&_nc_sid=5e03e0&mms3=true
batch-2,cmnuo3r9r02zkog794iz1crvn,EMPTY_PATH,audio,https://mmg.whatsapp.net/v/t62.7117-24/544922366_2319353051904577_5597750325684228909_n.enc?ccb=11-4&oh=01_Q5Aa4AGzRFnv5fgbOqb9HrgSchQYllAf9p2rtguvjeZmrU4yRg&oe=69ED29DC&_nc_sid=5e03e0&mms3=true
batch-2,cmnuo3r9202nrog79xyr23478,EMPTY_PATH,audio,https://mmg.whatsapp.net/v/t62.7117-24/594522264_1652536999351055_8001559374235757530_n.enc?ccb=11-4&oh=01_Q5Aa4AEcT_E7WQ6SB71-9AcD74n96WSpwYXChB5oJKPdyqqL6A&oe=69ED32E3&_nc_sid=5e03e0&mms3=true
batch-2,cmnuo3r9202nsog79u0zihfc9,EMPTY_PATH,audio,https://mmg.whatsapp.net/v/t62.7117-24/544906834_2161920141307927_1218468039081366987_n.enc?ccb=11-4&oh=01_Q5Aa4AHcnKgwI7p61mMdF-rZINbEMZgv7TKEfjYXowoNHJfBFA&oe=69ED2F4B&_nc_sid=5e03e0&mms3=true
batch-2,cmnuo3r9202ntog79cb5v4bmo,EMPTY_PATH,audio,https://mmg.whatsapp.net/v/t62.7117-24/549114628_27140502805539904_1844713596269922098_n.enc?ccb=11-4&oh=01_Q5Aa4AEC4utmIPD5oF39dODi9SUFe0MPg5wF8phAEK-b1Wn8TQ&oe=69ED51A7&_nc_sid=5e03e0&mms3=true
batch-2,cmnuo3r9202nuog79gwm5q08q,EMPTY_PATH,audio,https://mmg.whatsapp.net/v/t62.7117-24/559931449_963557746008882_2778324753979079861_n.enc?ccb=11-4&oh=01_Q5Aa4AGYsfbS7BXQbZNL1WIhJBghg7pF6Bt-xUNvxQDrmEdnKg&oe=69ED20A4&_nc_sid=5e03e0&mms3=true
batch-2,cmnuo3r9302nvog79pug05clr,EMPTY_PATH,audio,https://mmg.whatsapp.net/v/t62.7117-24/544882727_1482795143303152_3593576197412473534_n.enc?ccb=11-4&oh=01_Q5Aa4AGUG4Qqavy0TgLAraa_HoDKYvLpIE6GkOHiaXM52jrH1w&oe=69ED30FB&_nc_sid=5e03e0&mms3=true
batch-2,cmnuo3r8j02ggog7955762roe,EMPTY_PATH,audio,https://mmg.whatsapp.net/v/t62.7117-24/610200945_926411440373040_5580669341880941746_n.enc?ccb=11-4&oh=01_Q5Aa4AEMV4wTn3hgkCK5L1vo-rqwJhLTYoILyvGZFDQseP7Ckw&oe=69ED46DD&_nc_sid=5e03e0&mms3=true
batch-2,cmnuo3r8k02giog79j1eaa2j8,EMPTY_PATH,audio,https://mmg.whatsapp.net/v/t62.7117-24/542156144_1323514966491877_6765803594036482416_n.enc?ccb=11-4&oh=01_Q5Aa4AHxmdbgBnOF2UcJ_nrtbvGGSFRuPo3VewIPKlffYfPpfQ&oe=69ED3807&_nc_sid=5e03e0&mms3=true
batch-2,cmnuo3r9k02wgog79nduac8lh,EMPTY_PATH,audio,https://mmg.whatsapp.net/v/t62.7117-24/612087298_946785411216380_5249795298251370025_n.enc?ccb=11-4&oh=01_Q5Aa4AEEQ3PS-HVnybvlUyGDc3W1Owx-iQsfHR9b-0RqEoV3wA&oe=69ED30B0&_nc_sid=5e03e0&mms3=true
batch-2,cmnuo3r9k02whog79iqv3omwl,EMPTY_PATH,audio,https://mmg.whatsapp.net/v/t62.7117-24/544535807_960899440449535_7003091676730096546_n.enc?ccb=11-4&oh=01_Q5Aa4AEs1Y7hEi_7ClZ04rEPkDxCqa4o5BFnm-WCnZwkQZBgqw&oe=69ED4159&_nc_sid=5e03e0&mms3=true
batch-2,cmnuo3r9z032bog79zffg4h2i,EMPTY_PATH,audio,https://mmg.whatsapp.net/v/t62.7117-24/613418389_2202953857111814_568597993372026644_n.enc?ccb=11-4&oh=01_Q5Aa4AFiakZOFoWRflZifcB0k93vIsAajDxH1rweOwwlAYkBBA&oe=69ED2596&_nc_sid=5e03e0&mms3=true
batch-2,cmnuo3r9z032cog79a9cmu15s,EMPTY_PATH,audio,https://mmg.whatsapp.net/v/t62.7117-24/612738834_1652885316136376_5566648673395276096_n.enc?ccb=11-4&oh=01_Q5Aa4AHwsWzK6BOe5f8MLxqpJO6ETTa-B7Z0mQv8fX5s5jUngQ&oe=69ED2A7F&_nc_sid=5e03e0&mms3=true
batch-2,cmnuo3ra0032eog79a14febc9,EMPTY_PATH,audio,https://mmg.whatsapp.net/v/t62.7117-24/545646741_2148906269188140_2917127105256206671_n.enc?ccb=11-4&oh=01_Q5Aa4AElfm6pSwwPJZCHIKPvPO6oT71nxqRNic-owPthBQVeWQ&oe=69ED3470&_nc_sid=5e03e0&mms3=true
batch-2,cmnuo3r8w02l2og79pj0oi4te,EMPTY_PATH,audio,https://mmg.whatsapp.net/v/t62.7117-24/610549429_901923418853818_1076586013869113403_n.enc?ccb=11-4&oh=01_Q5Aa4AH8Ep-uzK7zheu2lnwJAGrYCazWM-bXzs43jWL9QXfb4Q&oe=69ED3612&_nc_sid=5e03e0&mms3=true
batch-2,cmnuo3r8w02l3og79b7n9cxr7,EMPTY_PATH,audio,https://mmg.whatsapp.net/v/t62.7117-24/557107100_25518813174458432_3139369757474604340_n.enc?ccb=11-4&oh=01_Q5Aa4AE9Dip6QPGZJLq67ve5eCKnVoFUvBSEeBZDntGg7TblLQ&oe=69ED452B&_nc_sid=5e03e0&mms3=true
batch-2,cmnuo3rbn035vog79p5dvrq7z,EMPTY_PATH,audio,https://mmg.whatsapp.net/v/t62.7117-24/610532043_1946496712665364_2899504004546167450_n.enc?ccb=11-4&oh=01_Q5Aa4AEUIF2z5chF73NfMc3UQJ043_yRQxsC7Fvl6JX7Dg3HUA&oe=69ED2308&_nc_sid=5e03e0&mms3=true
batch-2,cmnuo3rbn035wog797esqezws,EMPTY_PATH,audio,https://mmg.whatsapp.net/v/t62.7117-24/559556752_955600423476739_2732108375962089514_n.enc?ccb=11-4&oh=01_Q5Aa4AGLC-rJ2iMEN7v1FbZnS-eBRq_xOzySHmi4o7NptX2XQw&oe=69ED26D9&_nc_sid=5e03e0&mms3=true
batch-2,cmnuo3r9v030xog79we66j6g6,EMPTY_PATH,audio,https://mmg.whatsapp.net/v/t62.7117-24/594758896_1259014985767128_6073983510587648056_n.enc?ccb=11-4&oh=01_Q5Aa4AFM1FEP03H9xEoDCnjP_-TLitdCYcZjCfnIOkMPG_swBA&oe=69ED493E&_nc_sid=5e03e0&mms3=true
batch-2,cmnuo3r9302nwog79kpb4b40d,EMPTY_PATH,audio,https://mmg.whatsapp.net/v/t62.7117-24/564733814_997039949654396_7870402967659228012_n.enc?ccb=11-4&oh=01_Q5Aa4AEmjalO8epQ3z60n2uJWReoF4fDXeGBQe92PaSXuK2YwA&oe=69ED1EED&_nc_sid=5e03e0&mms3=true
batch-2,cmnuo3rbe0358og791rjjs70d,EMPTY_PATH,audio,https://mmg.whatsapp.net/v/t62.7117-24/544882753_26440723708913559_7246688489092224438_n.enc?ccb=11-4&oh=01_Q5Aa4AFk_Inffo7AjURYiwXH7iO9T4G7hBuhP-mmhfoPrfvXWw&oe=69ED3555&_nc_sid=5e03e0&mms3=true
batch-2,cmnuo3r9302nxog799jmh59qf,EMPTY_PATH,audio,https://mmg.whatsapp.net/v/t62.7117-24/558708808_1719977256040418_4460183721012526725_n.enc?ccb=11-4&oh=01_Q5Aa4AEiBilFUUC66pmKMTH3kywQr8nxM3Y8AAKO8ba-8NSucA&oe=69ED42E8&_nc_sid=5e03e0&mms3=true
batch-2,cmnuo3r9302nyog79s7tdhrkk,EMPTY_PATH,audio,https://mmg.whatsapp.net/v/t62.7117-24/609355439_1888220659247953_5036990379783999052_n.enc?ccb=11-4&oh=01_Q5Aa4AHE549YZMxkmFfdrlLskYNQLJDLevlxkhi3-5ZF-cKddA&oe=69ED1FA3&_nc_sid=5e03e0&mms3=true
batch-2,cmnuo3r8e02emog79tib3iz49,EMPTY_PATH,audio,https://mmg.whatsapp.net/v/t62.7117-24/545756082_929362869853002_896685048135741948_n.enc?ccb=11-4&oh=01_Q5Aa4AGZy-ZeU8r3wzFDx4Fesk7F4vqLtfeNxswvyX0g8dpeYQ&oe=69ED2D5E&_nc_sid=5e03e0&mms3=true
batch-2,cmnuo3r9r02zlog799njxil7x,EMPTY_PATH,audio,https://mmg.whatsapp.net/v/t62.7117-24/611379883_2289317618226599_3620279672764379049_n.enc?ccb=11-4&oh=01_Q5Aa4AE8WVHprKFSCmTOhhIto1roQtFSz6KLDnfOrsn-ts7Osw&oe=69ED2799&_nc_sid=5e03e0&mms3=true
batch-2,cmnuo3r8802bmog79wbbjxasf,EMPTY_PATH,audio,https://mmg.whatsapp.net/v/t62.7117-24/611080294_964782436070084_3312047583946693389_n.enc?ccb=11-4&oh=01_Q5Aa4AFLZVcpL91xn21F1BacLMRLuhtx_p3gM520zON3CsHIhw&oe=69ED3B1B&_nc_sid=5e03e0&mms3=true
batch-2,cmnuo3r9r02zmog79x6i5yfw3,EMPTY_PATH,audio,https://mmg.whatsapp.net/v/t62.7117-24/609597141_1042221485645362_3620514008128016515_n.enc?ccb=11-4&oh=01_Q5Aa4AGv_i0i692DH8nllATY7aJCJp3kOWyOpQ-XnbPbfpF82A&oe=69ED349B&_nc_sid=5e03e0&mms3=true
batch-2,cmnuo3r8e02enog79yhzbnht1,EMPTY_PATH,image,https://mmg.whatsapp.net/v/t62.7118-24/550088147_2192007561662600_234840382083225149_n.enc?ccb=11-4&oh=01_Q5Aa4AGmn7j4ysx6Mlj5osExiR3X-kBnE0g1UjlCxgh8enMxDQ&oe=69ED2734&_nc_sid=5e03e0&mms3=true
batch-2,cmnuo3r8x02laog79mpmwrxss,EMPTY_PATH,image,https://mmg.whatsapp.net/v/t62.7118-24/612766194_1456217365963212_7103874024154739890_n.enc?ccb=11-4&oh=01_Q5Aa4AGMRhIRZAnpX4-In5mKD2mednrjVbKgrs4yCah0kJjajQ&oe=69ED3180&_nc_sid=5e03e0&mms3=true
batch-2,cmnuo3r8e02eoog79yxuz4sx0,EMPTY_PATH,image,https://mmg.whatsapp.net/v/t62.7118-24/542271144_1267575595340221_2177648884911095825_n.enc?ccb=11-4&oh=01_Q5Aa4AEHtp1l2pv0tXuRuHeJzYgEJffa5kCXha1QACt123M77w&oe=69ED28C4&_nc_sid=5e03e0&mms3=true
batch-2,cmnuo3r9r02znog79622jdsew,EMPTY_PATH,audio,https://mmg.whatsapp.net/v/t62.7117-24/545022554_1252054486594351_315952612945035699_n.enc?ccb=11-4&oh=01_Q5Aa4AG800t07RSsReP9EVL5GZmSMqjsIF6AE7XLv7_hujPz6g&oe=69ED4121&_nc_sid=5e03e0&mms3=true
batch-2,cmnuo3r9r02zoog79gwlnq3iv,EMPTY_PATH,audio,https://mmg.whatsapp.net/v/t62.7117-24/544143664_26836940019236662_4634551747255393609_n.enc?ccb=11-4&oh=01_Q5Aa4AEyzaHbp5poC-xGeImazzZf_Rcu5bgEDCvk-IpPT1VG1w&oe=69ED40D0&_nc_sid=5e03e0&mms3=true
batch-2,cmnuo3r9r02zpog79201loayg,EMPTY_PATH,audio,https://mmg.whatsapp.net/v/t62.7117-24/541599524_1458102545798044_3084147628090733563_n.enc?ccb=11-4&oh=01_Q5Aa4AFQXtA5N6KJ6DU4SiBHbpN1YnPtj6vacMY8zZMCd_EkxA&oe=69ED3A35&_nc_sid=5e03e0&mms3=true
batch-2,cmnuo3r9r02zqog79bn4ncyi9,EMPTY_PATH,audio,https://mmg.whatsapp.net/v/t62.7117-24/658873518_1167878702003619_3034077507466510694_n.enc?ccb=11-4&oh=01_Q5Aa4AHrM1PSS2wPs6EZ-uOz3q5RZEc_1zXbPzwsMjDEwXRgWQ&oe=69ED1F46&_nc_sid=5e03e0&mms3=true
batch-2,cmnuo3r9d02ssog79ix3x2jwe,EMPTY_PATH,audio,https://mmg.whatsapp.net/v/t62.7117-24/546133324_1557465235349247_1499668516599672121_n.enc?ccb=11-4&oh=01_Q5Aa4AEgwqHiGUwhfdM00oheA9LN0DsEu1VB_9aKAWUpSZy3Qg&oe=69ED36EC&_nc_sid=5e03e0&mms3=true
batch-2,cmnuo3r8o02hzog79c7ql6x0u,EMPTY_PATH,audio,https://mmg.whatsapp.net/v/t62.7117-24/607191362_1493073602419985_4247670545018813766_n.enc?ccb=11-4&oh=01_Q5Aa4AE7KzOnF0ZEe8Z7TZ76CWO4ssNKsAQaD1GPVCnmVOY4xg&oe=69ED390F&_nc_sid=5e03e0&mms3=true
batch-2,cmnuo3r9d02stog79hio3wuxm,EMPTY_PATH,audio,https://mmg.whatsapp.net/v/t62.7117-24/545150493_2540411436378188_522687340375970656_n.enc?ccb=11-4&oh=01_Q5Aa4AFWLL-fKXhnkWjmkpH6Xwgb2acxO4JB-fXTG3UFapOLow&oe=69ED115A&_nc_sid=5e03e0&mms3=true
batch-2,cmnuo3r8k02gkog79e75qf77p,EMPTY_PATH,audio,https://mmg.whatsapp.net/v/t62.7117-24/659257493_1602166091071777_8820965551852818853_n.enc?ccb=11-4&oh=01_Q5Aa4AHLoNPjlgHuOlt_Je1hZvn2EKAWhC8DYNX6L-xsou-M5g&oe=69ED29D3&_nc_sid=5e03e0&mms3=true
batch-2,cmnuo3r8k02glog792mcx8rz1,EMPTY_PATH,audio,https://mmg.whatsapp.net/v/t62.7117-24/564598196_1253277573675390_7533239831292018425_n.enc?ccb=11-4&oh=01_Q5Aa4AGoZ3t-k-lt31ZGMRYQQIXUNybeLxDLziTEouiDM1EoZg&oe=69ED2DCC&_nc_sid=5e03e0&mms3=true
batch-2,cmnuo3r8k02gmog79wepa3um8,EMPTY_PATH,audio,https://mmg.whatsapp.net/v/t62.7117-24/551284460_1270296051744085_92017339068790417_n.enc?ccb=11-4&oh=01_Q5Aa4AHtK7IlpaJWDy0xCBZcbQdOdNqWqF5jYYpzyYWJkjML_A&oe=69ED105D&_nc_sid=5e03e0&mms3=true
batch-2,cmnuo3r8e02epog79k4pgjokj,EMPTY_PATH,audio,https://mmg.whatsapp.net/v/t62.7117-24/659259203_1940923323175295_3906515106288622444_n.enc?ccb=11-4&oh=01_Q5Aa4AGVLoW3Gbm3Z-LQsw-j5Zqu_E3BuLf7HlYh27ldX6nv4g&oe=69ED3815&_nc_sid=5e03e0&mms3=true
batch-2,cmnuo3r7n020gog79tj2yt0dz,EMPTY_PATH,audio,https://mmg.whatsapp.net/v/t62.7117-24/612748945_1471862077915342_8069761017034186407_n.enc?ccb=11-4&oh=01_Q5Aa4AGqNxnWlQFqsjv8S2Csyge58PckDTLwsDoCABiJHw3-cg&oe=69ED2DF3&_nc_sid=5e03e0&mms3=true
batch-2,cmnuo3r7n020hog79jy2ikw0w,EMPTY_PATH,audio,https://mmg.whatsapp.net/v/t62.7117-24/544433246_956454583582754_596774409959705053_n.enc?ccb=11-4&oh=01_Q5Aa4AFJEdLK1elO9IG629OP4KfeiH0N-1PiaIfJlJZwwV2TPQ&oe=69ED2B6B&_nc_sid=5e03e0&mms3=true
batch-2,cmnuo3r8w02ktog795bjjkum2,EMPTY_PATH,audio,https://mmg.whatsapp.net/v/t62.7117-24/556489474_1237905735161548_5615150424296139356_n.enc?ccb=11-4&oh=01_Q5Aa4AHe81E3UtugG65FW1bsS4y7b4veydMClnTsd2sYDyF7Ig&oe=69ED3228&_nc_sid=5e03e0&mms3=true
batch-2,cmnuo3r8o02i0og79cswu7bfm,EMPTY_PATH,audio,https://mmg.whatsapp.net/v/t62.7117-24/599706677_924331530443910_9208653267881717523_n.enc?ccb=11-4&oh=01_Q5Aa4AHUFn_VhV_87M7t3Rmr_klMPP7mzUNTz6tw7rLe5rtFHQ&oe=69ED3EA7&_nc_sid=5e03e0&mms3=true
batch-2,cmnuo3rbs036vog79uxym3jg1,EMPTY_PATH,audio,https://mmg.whatsapp.net/v/t62.7117-24/545642589_1836286697327520_7075784670468312145_n.enc?ccb=11-4&oh=01_Q5Aa4AHXpBGp40LyU5hEaEE5yuRiLRcgtP2wd9fUSjZi31-Kpw&oe=69ED0AD4&_nc_sid=5e03e0&mms3=true
batch-2,cmnuo3r9l02wuog7900406huu,EMPTY_PATH,audio,https://mmg.whatsapp.net/v/t62.7117-24/610303593_1614480776261494_8202993345620181684_n.enc?ccb=11-4&oh=01_Q5Aa4AEzCJr9zS3EJPwGFqy01rDc8UFweFhK5hdygYHytUKsVw&oe=69ED34EE&_nc_sid=5e03e0&mms3=true
batch-2,cmnuo3rbs036wog79o9tx08zn,EMPTY_PATH,audio,https://mmg.whatsapp.net/v/t62.7117-24/545037904_867300239658834_5949889195458342208_n.enc?ccb=11-4&oh=01_Q5Aa4AFOZNe8rq_2bvFeHG-MnMievkry3TkdDJkjN-6uSvoeXw&oe=69ED20B7&_nc_sid=5e03e0&mms3=true
batch-2,cmnuo3r7v024jog799v5tuxmj,EMPTY_PATH,audio,https://mmg.whatsapp.net/v/t62.7117-24/612482636_879577505114655_8733833291620662063_n.enc?ccb=11-4&oh=01_Q5Aa4AH3XRP4Zzz_fSHzmjthGcQnzGMbt-buA3-QIJ10EOGubQ&oe=69ED203C&_nc_sid=5e03e0&mms3=true
batch-2,cmnuo3r7v024kog790pfsnw46,EMPTY_PATH,audio,https://mmg.whatsapp.net/v/t62.7117-24/585380548_909162331730530_6396644715507783256_n.enc?ccb=11-4&oh=01_Q5Aa4AG0F1G05v-TUGMj3t-T91HcdcbNcww44leLYolWqIr7Jg&oe=69ED2C13&_nc_sid=5e03e0&mms3=true
batch-2,cmnuo3rby037iog79zmst6f0j,EMPTY_PATH,audio,https://mmg.whatsapp.net/v/t62.7117-24/546287151_1430051812484409_1586297063632441705_n.enc?ccb=11-4&oh=01_Q5Aa4AG-vi9ZuNe7iVBkM--Qjg2LS0t02cVSSoKmEGb8IOtM8w&oe=69ED3E63&_nc_sid=5e03e0&mms3=true
batch-2,cmnuo3rby037jog79vckob4nf,EMPTY_PATH,audio,https://mmg.whatsapp.net/v/t62.7117-24/546314682_2754211544913667_5703884879108225742_n.enc?ccb=11-4&oh=01_Q5Aa4AE4300esdUfpZhLcscYHSZrYis8REnCSJvpnjUMvK1zaw&oe=69ED3EB2&_nc_sid=5e03e0&mms3=true
batch-2,cmnuo3rbz037kog79lw3zn5ef,EMPTY_PATH,audio,https://mmg.whatsapp.net/v/t62.7117-24/550781048_911904751663193_7053410832320250995_n.enc?ccb=11-4&oh=01_Q5Aa4AFWtMdNStiMkev_8YAdrOys_hJEs5ax9LBQ1-34ewrKjg&oe=69ED1369&_nc_sid=5e03e0&mms3=true
batch-2,cmnuo3r7v024log79kv1hhhml,EMPTY_PATH,audio,https://mmg.whatsapp.net/v/t62.7117-24/658942733_913977008284816_9013574983070368950_n.enc?ccb=11-4&oh=01_Q5Aa4AFr8scjqoGAodUNdKmXb3sEy153-Qre3a4DN5iUroWAaA&oe=69ED2E43&_nc_sid=5e03e0&mms3=true
batch-2,cmnuo3r8x02lbog79pdwjvunm,EMPTY_PATH,audio,https://mmg.whatsapp.net/v/t62.7117-24/544420365_1679414513054407_4832002219307417557_n.enc?ccb=11-4&oh=01_Q5Aa4AFZCpa-UM7R_L7pred97YnCz8TU1AABfR4jQGkbscSV8w&oe=69ED28EE&_nc_sid=5e03e0&mms3=true
batch-2,cmnuo3r8802bnog79y1zmrros,EMPTY_PATH,audio,https://mmg.whatsapp.net/v/t62.7117-24/547642123_3133648140179244_4773256685836527508_n.enc?ccb=11-4&oh=01_Q5Aa4AHhPNaISMLQnH1LbNjuXbThVUma0nvX90UzcuJAQgozlA&oe=69ED123D&_nc_sid=5e03e0&mms3=true
batch-2,cmnuo3r8x02lcog79vnodity1,EMPTY_PATH,audio,https://mmg.whatsapp.net/v/t62.7117-24/561159206_1500125801740005_7025609813736030763_n.enc?ccb=11-4&oh=01_Q5Aa4AF5cJxPrSsQQnlV53X-OronWhHPdzFl4RZqmkk_ZD8g4w&oe=69ED09DC&_nc_sid=5e03e0&mms3=true
batch-2,cmnuo3r8802boog79lv7mkjl6,EMPTY_PATH,audio,https://mmg.whatsapp.net/v/t62.7117-24/548700127_1427258725214943_6522507317868950064_n.enc?ccb=11-4&oh=01_Q5Aa4AE2rCQUgEV_thS6saU3dmTYukD68ZX4PdPhCJG-xiRhGQ&oe=69ED1884&_nc_sid=5e03e0&mms3=true
batch-2,cmnuo3r9l02wvog797af5zfag,EMPTY_PATH,audio,https://mmg.whatsapp.net/v/t62.7117-24/610497023_1928599817762514_7777105301281684958_n.enc?ccb=11-4&oh=01_Q5Aa4AGgUUDOWjdjZvgV1h0ExWHkpvelns7k2z0o4txxEZw71Q&oe=69ED1CA6&_nc_sid=5e03e0&mms3=true
batch-2,cmnuo3rbz0380og797ed9r2gv,EMPTY_PATH,audio,https://mmg.whatsapp.net/v/t62.7117-24/609136086_966960182332891_3255021912335127832_n.enc?ccb=11-4&oh=01_Q5Aa4AFJCW-k0NHE0TZaImC_PZE1dgItY8pe1Y42tJD-fACjCg&oe=69ED0BA5&_nc_sid=5e03e0&mms3=true
batch-2,cmnuo3rbz0381og79ipscaw42,EMPTY_PATH,audio,https://mmg.whatsapp.net/v/t62.7117-24/547771947_4450229748534032_7766159791687603820_n.enc?ccb=11-4&oh=01_Q5Aa4AGzovadevk5SuxykysYrxWeFmAZ_mlwdweAkDykWdYbJQ&oe=69ED17A4&_nc_sid=5e03e0&mms3=true
batch-2,cmnuo3r8x02ldog79rn9x3cvr,EMPTY_PATH,audio,https://mmg.whatsapp.net/v/t62.7117-24/616664167_1263751095188519_4007880353001432559_n.enc?ccb=11-4&oh=01_Q5Aa4AFFAUMyCxEzo5_pslFituItEjkKXFR_LVmm-k5SDd9g5A&oe=69ED233E&_nc_sid=5e03e0&mms3=true
batch-2,cmnuo3r8x02leog79yoitod5c,EMPTY_PATH,audio,https://mmg.whatsapp.net/v/t62.7117-24/559220065_1880465855955822_8619969889036589360_n.enc?ccb=11-4&oh=01_Q5Aa4AEtiDURPN8pKHmAxcgfBvRZSZHkh26CYWUYnUmxWS4pjg&oe=69ED18A6&_nc_sid=5e03e0&mms3=true
batch-2,cmnuo3r8x02lfog79l1uu2vwv,EMPTY_PATH,audio,https://mmg.whatsapp.net/v/t62.7117-24/659152045_1490932672471476_1291532806066488670_n.enc?ccb=11-4&oh=01_Q5Aa4AEN-MwgSSOVwuBmpXhWfdy_OwUYhh7-eoHlhWt93TgQmw&oe=69ED3208&_nc_sid=5e03e0&mms3=true
batch-2,cmnuo3r8802bpog79mycfik60,EMPTY_PATH,audio,https://mmg.whatsapp.net/v/t62.7117-24/549702464_1475513277629962_519257397475291972_n.enc?ccb=11-4&oh=01_Q5Aa4AFVCPcUy9lnMfcMH2lKjzmJvCDU4pdFx_K2DOcTKhYueA&oe=69ED2FD3&_nc_sid=5e03e0&mms3=true
batch-2,cmnuo3r9g02u0og79faap5i07,EMPTY_PATH,audio,https://mmg.whatsapp.net/v/t62.7117-24/551012030_1589923502235172_5943517281073901313_n.enc?ccb=11-4&oh=01_Q5Aa4AECY4DlaWT-UvwdXpRC85IuhvyUovO7pU0O6S1BLzXFcg&oe=69ED2101&_nc_sid=5e03e0&mms3=true
batch-2,cmnuo3r9o02ygog792njrwewj,EMPTY_PATH,audio,https://mmg.whatsapp.net/v/t62.7117-24/596948678_1663178701346589_1691154433316934079_n.enc?ccb=11-4&oh=01_Q5Aa4AF4czl449Nj-KfuWkWSryFZvoC04fo3o5NWNt6yo2F0LA&oe=69ED1230&_nc_sid=5e03e0&mms3=true
batch-2,cmnuo3r7c01vfog793z4wmyv4,EMPTY_PATH,audio,https://mmg.whatsapp.net/v/t62.7117-24/557834012_2172181786934481_8255348825870019447_n.enc?ccb=11-4&oh=01_Q5Aa4AG38EfeO1CUSYnrgSCVbnQce3Ze85-yRstfhKN5f1d2lA&oe=69ED14C8&_nc_sid=5e03e0&mms3=true
batch-2,cmnuo3r7n020iog79rcn6aro5,EMPTY_PATH,audio,https://mmg.whatsapp.net/v/t62.7117-24/614232357_1551643579231728_6176640858731244964_n.enc?ccb=11-4&oh=01_Q5Aa4AG9CYQRxGPezExqxAhEjJeI77kpYPWC-iR7NU6DNTLvKw&oe=69ED0C2F&_nc_sid=5e03e0&mms3=true
batch-2,cmnuo3r7n020jog797n0ao5vs,EMPTY_PATH,audio,https://mmg.whatsapp.net/v/t62.7117-24/659264675_26123717567270237_6112978934893287669_n.enc?ccb=11-4&oh=01_Q5Aa4AGoISkdHgxqy3E16FAj0CuX_K0KiwLTqv8bicBVeaofqg&oe=69ED0881&_nc_sid=5e03e0&mms3=true
batch-2,cmnuo3r7n020kog79q8d37011,EMPTY_PATH,audio,https://mmg.whatsapp.net/v/t62.7117-24/564094523_1853835792240387_4688893395748431736_n.enc?ccb=11-4&oh=01_Q5Aa4AGd9QVg4EL9Wm2GABkjRjRJQT-78iZr4HDfLhIL2UMjQw&oe=69ED182E&_nc_sid=5e03e0&mms3=true
batch-2,cmnuo3r7n020log79zvezvmga,EMPTY_PATH,audio,https://mmg.whatsapp.net/v/t62.7117-24/550085348_958799313158257_6803066043590567466_n.enc?ccb=11-4&oh=01_Q5Aa4AHqn0rLz8PR0rYzlmuyv_z2088ZzehY6bVPBbT5Z4lU7g&oe=69ED09CF&_nc_sid=5e03e0&mms3=true
batch-2,cmnuo3r7n020mog79w9ogylhs,EMPTY_PATH,audio,https://mmg.whatsapp.net/v/t62.7117-24/563007969_818775027967730_6189882616418522401_n.enc?ccb=11-4&oh=01_Q5Aa4AEyXYIMmpUhcpwlZF7TxnRK0sL7M09cNfsNBCNGFYYoWw&oe=69ED3520&_nc_sid=5e03e0&mms3=true
batch-2,cmnuo3r7d01vgog79sjwntct4,EMPTY_PATH,audio,https://mmg.whatsapp.net/v/t62.7117-24/610565271_1001528612825960_2741795688276204407_n.enc?ccb=11-4&oh=01_Q5Aa4AF4-GewaUjJMohfRM3pMVpSX1DC_Shp0eXdgzLr3xXMTQ&oe=69ED28DE&_nc_sid=5e03e0&mms3=true
batch-2,cmnuo3r9o02yhog79w5b8d2mo,EMPTY_PATH,audio,https://mmg.whatsapp.net/v/t62.7117-24/596483029_922719277224279_2446559886866042666_n.enc?ccb=11-4&oh=01_Q5Aa4AF1tzTWoZHNWyBUHYPZ86DmVMM9I9j2Zs3Rk90Bwt2Z4w&oe=69ED0B20&_nc_sid=5e03e0&mms3=true
batch-2,cmnuo3r8802bqog799kjpmn50,EMPTY_PATH,audio,https://mmg.whatsapp.net/v/t62.7117-24/558717947_1178894750848935_5824018961774003387_n.enc?ccb=11-4&oh=01_Q5Aa4AGH0kVKYUB95K-aJBZ5LxWjSdV_GYagMMte0T2R49FLbg&oe=69ED122A&_nc_sid=5e03e0&mms3=true
batch-2,cmnuo3r8802brog79vcmm6nl2,EMPTY_PATH,audio,https://mmg.whatsapp.net/v/t62.7117-24/544570185_1476559217351118_1357344430033628662_n.enc?ccb=11-4&oh=01_Q5Aa4AEESFbZPn2y1OSjVgg-wU1OcuwI5cX_vBL0UdmVRdfiZQ&oe=69ED1351&_nc_sid=5e03e0&mms3=true
batch-2,cmnuo3r9o02yiog793a9l9ef0,EMPTY_PATH,audio,https://mmg.whatsapp.net/v/t62.7117-24/545495406_1101438218833314_7613105204215097547_n.enc?ccb=11-4&oh=01_Q5Aa4AG0W4MNL5IjqGA54j9pQqV4qcXXXwr014Ss3QiMhL7n1Q&oe=69ECF358&_nc_sid=5e03e0&mms3=true
batch-2,cmnuo3r9g02u1og79vtl26b4k,EMPTY_PATH,audio,https://mmg.whatsapp.net/v/t62.7117-24/557722428_1446015797315471_2701184881133709714_n.enc?ccb=11-4&oh=01_Q5Aa4AHOdL31tboYdyOAl-9tIQCNB34oiaDT6KugXs-GGWuAUg&oe=69ECE8E8&_nc_sid=5e03e0&mms3=true
batch-2,cmnuo3r8x02lgog79knli013b,EMPTY_PATH,audio,https://mmg.whatsapp.net/v/t62.7117-24/544809987_966703305799949_7653802605244347979_n.enc?ccb=11-4&oh=01_Q5Aa4AFWiNqk0mJris0fyeWs_E0p6Kn4HjZB0-f5r8DvLKXnpQ&oe=69ED1988&_nc_sid=5e03e0&mms3=true
batch-2,cmnuo3r9g02u2og796tadugfn,EMPTY_PATH,audio,https://mmg.whatsapp.net/v/t62.7117-24/543820688_1286160270060086_3101362243229184838_n.enc?ccb=11-4&oh=01_Q5Aa4AF0JUHcERQJ8Rm329ZMrrt1Uzmgefka-iIdKO2q3WN9lA&oe=69ED016B&_nc_sid=5e03e0&mms3=true
batch-2,cmnuo3r7n020nog79oa70stix,EMPTY_PATH,audio,https://mmg.whatsapp.net/v/t62.7117-24/548427672_1624919258782408_6425924889304948847_n.enc?ccb=11-4&oh=01_Q5Aa4AGXjaAoVIsdAgFnLVr5LQfIG_JdCzJfBwMridh_OAEX6Q&oe=69ED129F&_nc_sid=5e03e0&mms3=true
batch-2,cmnuo3r8x02lhog7956cym4tl,EMPTY_PATH,audio,https://mmg.whatsapp.net/v/t62.7117-24/659103141_1219882613561997_4534860384980983841_n.enc?ccb=11-4&oh=01_Q5Aa4AFgTaOoIDjlpu_cVisWZS95q9RoX5Ds3GDyateT5FZ-zw&oe=69ECF271&_nc_sid=5e03e0&mms3=true
batch-2,cmnuo3r7n020oog79vuovsmxh,EMPTY_PATH,audio,https://mmg.whatsapp.net/v/t62.7117-24/546417457_1149220143918761_5725147751342844774_n.enc?ccb=11-4&oh=01_Q5Aa4AHCHtbOxmV0MpQaVYA9TAuliNl0Lco4djrjv0YKwjm9lw&oe=69ECF2FA&_nc_sid=5e03e0&mms3=true
batch-2,cmnuo3r7n020pog79men84izz,EMPTY_PATH,audio,https://mmg.whatsapp.net/v/t62.7117-24/584403151_1468875288102088_8705718906276242433_n.enc?ccb=11-4&oh=01_Q5Aa4AEOGD_TkKZwDy4ngm52zHmYm2ehNEON8s7kKF6KeK866A&oe=69ECF0E5&_nc_sid=5e03e0&mms3=true
batch-2,cmnuo3r7d01vhog795owc6xhw,EMPTY_PATH,audio,https://mmg.whatsapp.net/v/t62.7117-24/557661497_926105790421138_8236019849226786038_n.enc?ccb=11-4&oh=01_Q5Aa4AG-J1jOt8FFFuPGpujNKwU2hVc-broAxVg8tugsiXtd1g&oe=69ED0291&_nc_sid=5e03e0&mms3=true
batch-2,cmnuo3r7d01viog7913lggk47,EMPTY_PATH,audio,https://mmg.whatsapp.net/v/t62.7117-24/545912452_2130124297754882_641123864299219760_n.enc?ccb=11-4&oh=01_Q5Aa4AFHLkg0j9CyFThF2blHfPmWhm0AjXSgDbREJCqO2Nfz8g&oe=69ED000B&_nc_sid=5e03e0&mms3=true
batch-2,cmnuo3r7d01vjog79rwtxpak1,EMPTY_PATH,audio,https://mmg.whatsapp.net/v/t62.7117-24/614235440_1457506045752071_7685195484766644006_n.enc?ccb=11-4&oh=01_Q5Aa4AFvZZYRwpLWrdzCkIMcBJ3V2cUnxshC7pK-LTo94gi6Tw&oe=69ECEA58&_nc_sid=5e03e0&mms3=true
batch-2,cmnuo3r7d01vkog79rfyehezb,EMPTY_PATH,audio,https://mmg.whatsapp.net/v/t62.7117-24/543039825_951604807389216_5815901277595522408_n.enc?ccb=11-4&oh=01_Q5Aa4AGcAeOkngQVsZAIAvFddYszn72SI4GwA10UqVjTdiV9_A&oe=69ED010B&_nc_sid=5e03e0&mms3=true
batch-2,cmnuo3r8x02liog79v19jaqxi,EMPTY_PATH,image,https://mmg.whatsapp.net/v/t62.7118-24/556537700_2155680768533222_4767611473491610590_n.enc?ccb=11-4&oh=01_Q5Aa4AEkELDUbIILpOJ5Y7Dh0576noeK2pvimVPiJEwKCquoJw&oe=69ECFF7D&_nc_sid=5e03e0&mms3=true
batch-2,cmnuo3r7n020qog79rjdco0ce,EMPTY_PATH,audio,https://mmg.whatsapp.net/v/t62.7117-24/549294733_1558662418566944_2601187244808874884_n.enc?ccb=11-4&oh=01_Q5Aa4AE-wGWbl6cPhcXH3j_yrOGQiDMXsoZ0MeXZSZ_5DEP0aA&oe=69ECCCD2&_nc_sid=5e03e0&mms3=true
batch-2,cmnuo3r9g02u3og79b43b7yr2,EMPTY_PATH,audio,https://mmg.whatsapp.net/v/t62.7117-24/546052977_4208583132805477_4686798448752986682_n.enc?ccb=11-4&oh=01_Q5Aa4AFLJlX8RxWozPKE7qS4p3GYofxE-1Ba-72X7RXDIKx5EQ&oe=69ECD406&_nc_sid=5e03e0&mms3=true
batch-2,cmnuo3r9g02u4og7901s9xxwr,EMPTY_PATH,audio,https://mmg.whatsapp.net/v/t62.7117-24/543941782_937292962330572_1336741815554943052_n.enc?ccb=11-4&oh=01_Q5Aa4AES3guBaWZrbiKq5YsDXZxzl_LaktgM-Dx32YJkXqJ6pA&oe=69ECEF2F&_nc_sid=5e03e0&mms3=true
batch-2,cmnuo3r9g02u5og790qjr2og2,EMPTY_PATH,audio,https://mmg.whatsapp.net/v/t62.7117-24/544370462_699992689870957_7245177975322738252_n.enc?ccb=11-4&oh=01_Q5Aa4AGodVf0oIahQB8zPlk3ar9kDUEYMusnt8Sq9zTths2QQA&oe=69ECEEE3&_nc_sid=5e03e0&mms3=true
batch-2,cmnuo3r7n020rog79qwyeny4l,EMPTY_PATH,audio,https://mmg.whatsapp.net/v/t62.7117-24/546086079_1277497794338993_687366306667661569_n.enc?ccb=11-4&oh=01_Q5Aa4AER7rZyaFZNDZAK7DIh4CG5vVmLYKadj3yYdY9mQau1Aw&oe=69ECD122&_nc_sid=5e03e0&mms3=true
batch-2,cmnuo3r7n020sog792gh2808n,EMPTY_PATH,audio,https://mmg.whatsapp.net/v/t62.7117-24/612764785_1113752167575349_2419349051426493022_n.enc?ccb=11-4&oh=01_Q5Aa4AHqVGo39onccxpSajskmff_RCkfsKNHsay6rkvP85Hsug&oe=69ECC65F&_nc_sid=5e03e0&mms3=true
batch-2,cmnuo3r7n020tog796l9tveyh,EMPTY_PATH,image,https://mmg.whatsapp.net/v/t62.7118-24/659005062_4257312671184648_5196724247062259110_n.enc?ccb=11-4&oh=01_Q5Aa4AGgYrqApYaYSZ2TD9nqBWY2HmTOYM68Nqbns7AvCH__tQ&oe=69ECFD21&_nc_sid=5e03e0&mms3=true
batch-2,cmnuo3r7n020uog79ck0omu0w,EMPTY_PATH,audio,https://mmg.whatsapp.net/v/t62.7117-24/659481167_1654714575841679_6157302808385469163_n.enc?ccb=11-4&oh=01_Q5Aa4AG7aiZNgLlUKcvQ-sECXCot_0LLbIRM2RMDVteVnQxTPw&oe=69ECC975&_nc_sid=5e03e0&mms3=true
batch-2,cmnuo3r9g02u6og793zpaayvb,EMPTY_PATH,audio,https://mmg.whatsapp.net/v/t62.7117-24/610466956_1668355187678400_922789216923557232_n.enc?ccb=11-4&oh=01_Q5Aa4AEUbT8944zrxf4aKtujVPKz8Lig2cuqWV3wFrmF5GLnZg&oe=69ECF6DA&_nc_sid=5e03e0&mms3=true
batch-2,cmnuo3r9802qfog79gmd164r1,EMPTY_PATH,audio,https://mmg.whatsapp.net/v/t62.7117-24/559419096_776756395229508_1380161676639454260_n.enc?ccb=11-4&oh=01_Q5Aa4AHjqqOzszUoaMzeF4Z6I_gzIVebH7bwy7gDYLVpw0zlCA&oe=69ECD238&_nc_sid=5e03e0&mms3=true
batch-2,cmnuo3r9g02u7og79vec6y7sh,EMPTY_PATH,audio,https://mmg.whatsapp.net/v/t62.7117-24/544101932_1227712852721963_60860601960513311_n.enc?ccb=11-4&oh=01_Q5Aa4AFzRWsPLWRRBf9ZkFJ58M5omjjdn3qGqdnkg1TCInsmEg&oe=69ECBF69&_nc_sid=5e03e0&mms3=true
batch-2,cmnuo3r8x02ljog797wjyw0cn,EMPTY_PATH,audio,https://mmg.whatsapp.net/v/t62.7117-24/557715023_786952687431991_940969059172582985_n.enc?ccb=11-4&oh=01_Q5Aa4AGbCrTKJhFTNCZJNBZz_ngt__UhDA-_gf7fkgfzXMniQg&oe=69ECE8DD&_nc_sid=5e03e0&mms3=true
batch-2,cmnuo3r9802qgog79rps1ubgt,EMPTY_PATH,audio,https://mmg.whatsapp.net/v/t62.7117-24/615974591_793296673403642_5767071307806735850_n.enc?ccb=11-4&oh=01_Q5Aa4AEBDgT5SgDfEMnrgIpGNYchl5f0kNaQDELXLu-L8T9_qg&oe=69ECD4F9&_nc_sid=5e03e0&mms3=true
batch-2,cmnuo3r8802bsog798mezq8vu,EMPTY_PATH,audio,https://mmg.whatsapp.net/v/t62.7117-24/546081849_1273749068018410_1653260357420319514_n.enc?ccb=11-4&oh=01_Q5Aa4AFV-TXDfN5G25k7vVhIWGjqNTRTbmRzxHIlRq5gb2ZTHA&oe=69EC9236&_nc_sid=5e03e0&mms3=true
batch-2,cmnuo3r9g02u8og79jk226pa0,EMPTY_PATH,audio,https://mmg.whatsapp.net/v/t62.7117-24/543849677_1286334860044601_1093933621022046425_n.enc?ccb=11-4&oh=01_Q5Aa4AEDVg0dYJZEmIPqYxbOJz7Kh-0xVOlnycwDX_tNlh4uiQ&oe=69EC91F3&_nc_sid=5e03e0&mms3=true
batch-2,cmnuo3rc00382og79cybrxhy3,EMPTY_PATH,audio,https://mmg.whatsapp.net/v/t62.7117-24/556069455_1253054373616384_3169628491192395263_n.enc?ccb=11-4&oh=01_Q5Aa4AHvChDFr4RI878rITab2vBKYmge0I_JUN-EWNMLDnDGEg&oe=69ECAFCF&_nc_sid=5e03e0&mms3=true
batch-2,cmnuo3r7v024mog79b1kuo8g4,EMPTY_PATH,audio,https://mmg.whatsapp.net/v/t62.7117-24/548790116_942617738518109_6914678419023346801_n.enc?ccb=11-4&oh=01_Q5Aa4AFFVGe0Rv3hmAm_kHr-W783c4cBTVXApjqcyoZ3_4dzPw&oe=69EC6761&_nc_sid=5e03e0&mms3=true
batch-2,cmnuo3rbs036xog797hicac0z,EMPTY_PATH,audio,https://mmg.whatsapp.net/v/t62.7117-24/609172292_799063659459202_7624658887138328831_n.enc?ccb=11-4&oh=01_Q5Aa4AHmQCIpGWZoRR_HStJE3vU3IdZ9ElRrKYSzSmz-1nRwmA&oe=69EC4583&_nc_sid=5e03e0&mms3=true
batch-2,cmnuo3r8t02jqog79eckyqffj,EMPTY_PATH,audio,https://mmg.whatsapp.net/v/t62.7117-24/546544817_1871067866930423_1294126548536881584_n.enc?ccb=11-4&oh=01_Q5Aa4AHbNhM8xvUXU607YFPtKD8lvBos69BwwAMXu3gWaKeTrw&oe=69EC4712&_nc_sid=5e03e0&mms3=true
batch-2,cmnuo3rbs036yog79jay0iso1,EMPTY_PATH,audio,https://mmg.whatsapp.net/v/t62.7117-24/610481463_802152945790982_6304555653660575309_n.enc?ccb=11-4&oh=01_Q5Aa4AGklqgEn9gNhsrOSb3kKwVRWQVp9NXCZQPyZuS0aut0Vg&oe=69EC1522&_nc_sid=5e03e0&mms3=true
batch-2,cmnuo3rbt036zog79234qdwd7,EMPTY_PATH,audio,https://mmg.whatsapp.net/v/t62.7117-24/607369522_1583213359403862_3745267298988817747_n.enc?ccb=11-4&oh=01_Q5Aa4AG1Ya6_DB40B3qk_Mtq3H2x2glBpf9LNWyR7JzVZ19u2A&oe=69EC2255&_nc_sid=5e03e0&mms3=true
batch-2,cmnuo3r9702pnog796hsl9871,EMPTY_PATH,audio,https://mmg.whatsapp.net/v/t62.7117-24/658981965_954256737564082_1074725665484120988_n.enc?ccb=11-4&oh=01_Q5Aa4AH55B7abi0x33E3oEGiQaUR68THXhToR8JGMerSWzTbmQ&oe=69EC2458&_nc_sid=5e03e0&mms3=true
batch-2,cmnuo3r7o020vog79p7c6toie,EMPTY_PATH,audio,https://mmg.whatsapp.net/v/t62.7117-24/559978769_1594152898461777_713410042935689331_n.enc?ccb=11-4&oh=01_Q5Aa4AE-_1pK3AhvZG3J-AvAPbhPFSQ35o95iu6srkiejeYUSg&oe=69EC3815&_nc_sid=5e03e0&mms3=true
batch-2,cmnuo3rbz037oog79ih9qkywj,EMPTY_PATH,audio,https://mmg.whatsapp.net/v/t62.7117-24/546070672_1262378555363725_3825644156853716681_n.enc?ccb=11-4&oh=01_Q5Aa4AGhVCqubqh8OVujccD61ElBIxv-gialOsu67_sYxVLvgw&oe=69EC1266&_nc_sid=5e03e0&mms3=true
batch-2,cmnuo3rbz037pog79g15yv7oj,EMPTY_PATH,audio,https://mmg.whatsapp.net/v/t62.7117-24/597768170_3831177703854816_8550102561411828848_n.enc?ccb=11-4&oh=01_Q5Aa4AFouOZBp5rF4UOGFvxntTtkxg8Ql-70_f1gU2QuiUsiXQ&oe=69EC1409&_nc_sid=5e03e0&mms3=true
batch-2,cmnuo3rbz037qog79qqs6ldj7,EMPTY_PATH,audio,https://mmg.whatsapp.net/v/t62.7117-24/611329068_1197052812311318_1275180795009879942_n.enc?ccb=11-4&oh=01_Q5Aa4AFn2syW_KiDkapGmhKJ418JB5Qt7aK-JVGPipQ_e8auaw&oe=69EC111A&_nc_sid=5e03e0&mms3=true
batch-2,cmnuo3r7v024nog79swrr21jj,EMPTY_PATH,audio,https://mmg.whatsapp.net/v/t62.7117-24/606446667_2198047814263374_7279990088731782938_n.enc?ccb=11-4&oh=01_Q5Aa4AH6SBfKaEs6AAnxtLUGaVutbbbHlm6ZGQAFO-LZt5-QCQ&oe=69EC44E7&_nc_sid=5e03e0&mms3=true
batch-2,cmnuo3rc00383og79vohksweu,EMPTY_PATH,audio,https://mmg.whatsapp.net/v/t62.7117-24/545967239_814583651081508_144456093186951080_n.enc?ccb=11-4&oh=01_Q5Aa4AG4JsILOG4HAO3e0lLLDRSaanFHSQzuHhuO44Y3YPhjVw&oe=69EC12AA&_nc_sid=5e03e0&mms3=true
batch-2,cmnuo3r7d01vlog79k5z7vsn0,EMPTY_PATH,audio,https://mmg.whatsapp.net/v/t62.7117-24/548497725_1541881850243205_3644616158362400055_n.enc?ccb=11-4&oh=01_Q5Aa4AH7jJD4dGeX9Cj30fKCk3ssK37n94AsJs2HYOZNPBfIfw&oe=69EC36B4&_nc_sid=5e03e0&mms3=true
batch-2,cmnuo3r7d01vmog79pzwi10k5,EMPTY_PATH,audio,https://mmg.whatsapp.net/v/t62.7117-24/546079307_2187671541970531_7495807214461121379_n.enc?ccb=11-4&oh=01_Q5Aa4AGymhSJ0SBa_wSldx9hHHPlyit55HYYRlFPDOH4Eb3fJQ&oe=69EC2EDE&_nc_sid=5e03e0&mms3=true
batch-2,cmnuo3r9p02yjog79e8ii46wj,EMPTY_PATH,audio,https://mmg.whatsapp.net/v/t62.7117-24/596502195_1445234363257588_7888694346941108036_n.enc?ccb=11-4&oh=01_Q5Aa4AEP0TL9lq_K5md8oI--vKcOR9mYGZG6CNP1jX_KaHkiZw&oe=69EC31B0&_nc_sid=5e03e0&mms3=true
batch-2,cmnuo3r8x02lkog79mmv11oh0,EMPTY_PATH,audio,https://mmg.whatsapp.net/v/t62.7117-24/561179520_1278238890937111_4125851773950082330_n.enc?ccb=11-4&oh=01_Q5Aa4AFRKoZ8qV040UwXFOoK8lqbiWweQTvqN--bUTnsq7tojg&oe=69EC0F23&_nc_sid=5e03e0&mms3=true
batch-2,cmnuo3r8t02jrog790wi4oflu,EMPTY_PATH,audio,https://mmg.whatsapp.net/v/t62.7117-24/610056611_2360395057765569_6202594651526950759_n.enc?ccb=11-4&oh=01_Q5Aa4AGEuA1sNUVbbAu52bm0xsuHxVtj3BhptPaFfkk3VNSzuA&oe=69EC22D5&_nc_sid=5e03e0&mms3=true
batch-2,cmnuo3r8t02jsog79p9oxe331,EMPTY_PATH,audio,https://mmg.whatsapp.net/v/t62.7117-24/610766177_1457017152688286_6816695055580996632_n.enc?ccb=11-4&oh=01_Q5Aa4AH7c3nokbqmsTZM9qHQK9Ipkzxm8tVmKbeBvmbNWZ1eeg&oe=69EC1790&_nc_sid=5e03e0&mms3=true
batch-2,cmnuo3r8t02jtog79bbu0tf3l,EMPTY_PATH,audio,https://mmg.whatsapp.net/v/t62.7117-24/545282107_944972838515220_7007851559780481182_n.enc?ccb=11-4&oh=01_Q5Aa4AF8zcrQylxtN9WhkyABNqvm2DVbpMEyj_dUsFj5oreWSQ&oe=69EC0951&_nc_sid=5e03e0&mms3=true
batch-2,cmnuo3r9802qhog79uxylj1u4,EMPTY_PATH,audio,https://mmg.whatsapp.net/v/t62.7117-24/610181138_710284722107739_2549000605113725794_n.enc?ccb=11-4&oh=01_Q5Aa4AFMNBNXo_qGVj4_9p-qUsr5RJUF8QE56CqU9GxFfjdsjw&oe=69EC2171&_nc_sid=5e03e0&mms3=true
batch-2,cmnuo3r9802qiog79575feexe,EMPTY_PATH,audio,https://mmg.whatsapp.net/v/t62.7117-24/561776342_945216507868660_6299857978619592248_n.enc?ccb=11-4&oh=01_Q5Aa4AGChUwYeEDmxgsM6rEak9VqianSZyOPv5d8Fb9RcG_vmQ&oe=69EC184C&_nc_sid=5e03e0&mms3=true
batch-2,cmnuo3r8t02juog79y8rsoel9,EMPTY_PATH,audio,https://mmg.whatsapp.net/v/t62.7117-24/549019669_1611460430181037_4058414349679689558_n.enc?ccb=11-4&oh=01_Q5Aa4AFUEcrfao95P4NssoeM76izA9iFmc9kmqIqe_yf1RyUJw&oe=69EC1102&_nc_sid=5e03e0&mms3=true
batch-2,cmnuo3r8x02llog7981pfavfg,EMPTY_PATH,audio,https://mmg.whatsapp.net/v/t62.7117-24/607298615_1505184861315856_3351734969075010783_n.enc?ccb=11-4&oh=01_Q5Aa4AFYXyPb5Rvj7ohlQGtYocC8Co11XB4E1jBa8ZB3lljcwg&oe=69EC0AFA&_nc_sid=5e03e0&mms3=true
batch-2,cmnuo3r9p02ykog79yg86904o,EMPTY_PATH,audio,https://mmg.whatsapp.net/v/t62.7117-24/557679049_868109562915135_7421392553752518715_n.enc?ccb=11-4&oh=01_Q5Aa4AEsIUHEJokj4gUO40lIej8qVrHYBNP9xOz3_BkxdOC0_g&oe=69EBF174&_nc_sid=5e03e0&mms3=true
batch-2,cmnuo3r7d01vnog79bxr1bcou,EMPTY_PATH,audio,https://mmg.whatsapp.net/v/t62.7117-24/544501959_948827558000453_2400114231486123847_n.enc?ccb=11-4&oh=01_Q5Aa4AG87ayGd0fPlyt66h7e-tdVlr8jqOuCj1BcXgsIxjg0Fg&oe=69EC067D&_nc_sid=5e03e0&mms3=true
batch-2,cmnuo3r7d01voog79fv0td8w6,EMPTY_PATH,audio,https://mmg.whatsapp.net/v/t62.7117-24/559502165_3357755457765380_443347771698301505_n.enc?ccb=11-4&oh=01_Q5Aa4AFcsJavY3oFpXEsd6eURuCMDkDlI90wHUt-Uy0ztDQBjg&oe=69EC0C6E&_nc_sid=5e03e0&mms3=true
batch-2,cmnuo3r7001p9og79e40x9pb8,EMPTY_PATH,audio,https://mmg.whatsapp.net/v/t62.7117-24/563863866_3064593807057030_98204622300833431_n.enc?ccb=11-4&oh=01_Q5Aa4AELChRBYL53dnU4y8FkBoUCY-Yd-_JlGZoZKH6WRrTgpg&oe=69EBF7F3&_nc_sid=5e03e0&mms3=true
batch-2,cmnuo3r7o020wog79yx7ptp3a,EMPTY_PATH,audio,https://mmg.whatsapp.net/v/t62.7117-24/597234865_1648053099729948_1603261750621074308_n.enc?ccb=11-4&oh=01_Q5Aa4AHmE6NBP-TFOOKrwkB8j8k87sT87RTE-YcwHeXvs2FCBA&oe=69EBDE60&_nc_sid=5e03e0&mms3=true
batch-2,cmnuo3r9702poog79h9bujwl9,EMPTY_PATH,audio,https://mmg.whatsapp.net/v/t62.7117-24/609952699_1260455549551249_5516622654808832575_n.enc?ccb=11-4&oh=01_Q5Aa4AGRHL-hUrVVrp9vRmqoW-SEDY0R_cyDhjn9O1tB6N1bYw&oe=69EBE567&_nc_sid=5e03e0&mms3=true
batch-2,cmnuo2dvo000vog792gu6aau3,EMPTY_PATH,image,https://mmg.whatsapp.net/v/t62.7118-24/597664454_1773662793799104_4197254625567659852_n.enc?ccb=11-4&oh=01_Q5Aa4AEh4SejFnXKqM8yoLZ-7PQEWLs64Y-NM16P7oy0nkT-yg&oe=69EBCE62&_nc_sid=5e03e0&mms3=true
batch-2,cmnuo3r9g02uaog79fg42t123,EMPTY_PATH,audio,https://mmg.whatsapp.net/v/t62.7117-24/658883673_1495316785494759_5103440263648256637_n.enc?ccb=11-4&oh=01_Q5Aa4AHKoSx4jZueoiTsHIVHQk8SeRMwtmfQfvNycVPzuomzxw&oe=69EB9AAC&_nc_sid=5e03e0&mms3=true
batch-2,cmnuo3r8o02i1og794kmlb87j,EMPTY_PATH,audio,https://mmg.whatsapp.net/v/t62.7117-24/616165160_1778944943082464_3213191278124581686_n.enc?ccb=11-4&oh=01_Q5Aa4AE3neKgcG9XFN55Z90iis_9hBDJ4ZM206YaRhzbm7b_7g&oe=69EBA340&_nc_sid=5e03e0&mms3=true
batch-2,cmnuo3r8f02eqog79jaggaqo3,EMPTY_PATH,audio,https://mmg.whatsapp.net/v/t62.7117-24/542680930_2131338784330628_3871798838629255988_n.enc?ccb=11-4&oh=01_Q5Aa4AF4k0vJ69rOgj2Z5xGD9ipZxadkJErlu4_thMpXDLx9Ag&oe=69EBA161&_nc_sid=5e03e0&mms3=true
batch-2,cmnuo3r7o020xog79r84kfyn1,EMPTY_PATH,audio,https://mmg.whatsapp.net/v/t62.7117-24/659642307_4453456844885522_2215828103613699052_n.enc?ccb=11-4&oh=01_Q5Aa4AF5iHTNx4xiQmQfZT6wswOVej2WEa3fOHdResiw_S8PiQ&oe=69EB929B&_nc_sid=5e03e0&mms3=true
batch-2,cmnuo3r7001paog79u51d187l,EMPTY_PATH,audio,https://mmg.whatsapp.net/v/t62.7117-24/558874384_3166026633603424_8078260232478029916_n.enc?ccb=11-4&oh=01_Q5Aa4AEUcKvrYe2SY2XJYmmA-7uv2WuGAhCCARlWH_dDSuOqkw&oe=69EB6180&_nc_sid=5e03e0&mms3=true
batch-2,cmnuo3r9802qjog796db0j515,EMPTY_PATH,audio,https://mmg.whatsapp.net/v/t62.7117-24/659289087_1485888833056212_343619223142611637_n.enc?ccb=11-4&oh=01_Q5Aa4AE8SN5j4EbLMRcPXDMl2CMcjTUX41wxevCIrxhghhVtHQ&oe=69EB60A4&_nc_sid=5e03e0&mms3=true
batch-2,cmnuo3r8802btog79e1bfv41a,EMPTY_PATH,audio,https://mmg.whatsapp.net/v/t62.7117-24/613310789_3581756345311012_3309535103898771257_n.enc?ccb=11-4&oh=01_Q5Aa4AEbur7YsXpBrvsCIn0OCZXUDfHJNdWAlFRsdG6U8DiDag&oe=69EB6C2C&_nc_sid=5e03e0&mms3=true
batch-2,cmnuo3r7601rzog797b9lk70y,EMPTY_PATH,audio,https://mmg.whatsapp.net/v/t62.7114-24/658955769_922577973720547_6799287987604037996_n.enc?_nc_hot=1774448301&ccb=11-4&oh=01_Q5Aa4AE1jtcLVlriwedoUhJWn8E7vgojoADIwfAUEndkE5V7qg&oe=69EB485D&_nc_sid=5e03e0&mms3=true
batch-2,cmnuo3r7601s0og79spcjmk7g,EMPTY_PATH,image,https://mmg.whatsapp.net/v/t62.7118-24/559628843_988531463564809_280350775658483759_n.enc?ccb=11-4&oh=01_Q5Aa4AF_SREMAhThd4N_GewZF-H3GLYP1Z79pn89kbstyJLUkw&oe=69EB7126&_nc_sid=5e03e0&mms3=true
batch-2,cmnuo3r7601s1og79pnmfud0h,EMPTY_PATH,image,https://mmg.whatsapp.net/v/t62.7118-24/611982397_1286474223577092_8503830694122806872_n.enc?ccb=11-4&oh=01_Q5Aa4AGfE-ndFz1fa_qAJQMEnnQ6ks0ku5jcO4LfoqRq4BOB8g&oe=69EB7480&_nc_sid=5e03e0&mms3=true
batch-2,cmnuo3r7601s2og79fds05l6v,EMPTY_PATH,image,https://mmg.whatsapp.net/v/t62.7118-24/659231216_1834120190610061_7513594092008876220_n.enc?ccb=11-4&oh=01_Q5Aa4AGiRVvDlwrvohwGLzO_JlzlrU1cnlJ8FDas73e0loS3-A&oe=69EB6B36&_nc_sid=5e03e0&mms3=true
batch-2,cmnuo3r7601s3og79w57eahs2,EMPTY_PATH,image,https://mmg.whatsapp.net/v/t62.7118-24/660045886_2500810133655543_3293705270353953688_n.enc?ccb=11-4&oh=01_Q5Aa4AHQkm0LnSW2m9mgVWWWIVjC2MZ0zpJXmPoa__J_2xPdWw&oe=69EB58F5&_nc_sid=5e03e0&mms3=true
batch-2,cmnuo3r8t02jvog792jri3ihl,EMPTY_PATH,audio,https://mmg.whatsapp.net/v/t62.7117-24/559124412_4379855438927874_9129690446604229078_n.enc?ccb=11-4&oh=01_Q5Aa4AFmfjxhcefmmlsf393uu2fOmgL5oxbpKRuEbXg4oJTgtQ&oe=69EB4E14&_nc_sid=5e03e0&mms3=true
batch-2,cmnuo3r8k02gnog79waewmrk2,EMPTY_PATH,audio,https://mmg.whatsapp.net/v/t62.7117-24/609575001_1649083376286901_5602092588520461375_n.enc?ccb=11-4&oh=01_Q5Aa4AF6C5RHk5LzXVntunO9f5Jk6cbBAYzK8MQdOPHpmywetQ&oe=69EB4874&_nc_sid=5e03e0&mms3=true
batch-2,cmnuo3r8o02i2og79r1lmyfw4,EMPTY_PATH,audio,https://mmg.whatsapp.net/v/t62.7117-24/609938089_1631582041430562_1630805674541348069_n.enc?ccb=11-4&oh=01_Q5Aa4AEVjRB81lhUJa7JJfWaz13yTJH9xHKCqR9Acl54E_JFEA&oe=69EB3E67&_nc_sid=5e03e0&mms3=true
batch-2,cmnuo3r7v024oog7969jneecc,EMPTY_PATH,audio,https://mmg.whatsapp.net/v/t62.7117-24/556480673_980581557876314_6975790192151979004_n.enc?ccb=11-4&oh=01_Q5Aa4AG7qKEnZJEGRNhUxLg5AhKldIMwr6e66vL2zRqSM9ndnQ&oe=69EB161D&_nc_sid=5e03e0&mms3=true
batch-2,cmnuo3r9r02zrog79nud5wkoz,EMPTY_PATH,audio,https://mmg.whatsapp.net/v/t62.7117-24/584397118_931207153224492_2122846368731478274_n.enc?ccb=11-4&oh=01_Q5Aa4AGM6nsg1L4W9KyyiIqkkODh46kl_bEoyTOziYg6KDelVw&oe=69EAD69E&_nc_sid=5e03e0&mms3=true
batch-2,cmnuo3r9302nzog79azctljim,EMPTY_PATH,audio,https://mmg.whatsapp.net/v/t62.7117-24/549919295_957829263629276_1169412664105203173_n.enc?ccb=11-4&oh=01_Q5Aa4AE8J7Cz7pjGbF1Rdx1imuubIsl4OG0Jz3H5_i7ZWd1Kww&oe=69EAB8C2&_nc_sid=5e03e0&mms3=true
batch-2,cmnuo3r9302o0og79fvo1us35,EMPTY_PATH,audio,https://mmg.whatsapp.net/v/t62.7117-24/560549884_1988879098701557_5715682262914633428_n.enc?ccb=11-4&oh=01_Q5Aa4AH7Fn4Myg9UxK6xJcI7bwW5K9CuBAt8usOBsuJO1qm45w&oe=69EACA67&_nc_sid=5e03e0&mms3=true
batch-2,cmnuo3r9v030yog79ls1hvmeo,EMPTY_PATH,audio,https://mmg.whatsapp.net/v/t62.7117-24/584670202_919013507404158_2912122508397534626_n.enc?ccb=11-4&oh=01_Q5Aa4AH0npGrvWWAxs_ZcBkfeJzQ66W3-_WGJzV5P4WXfn-SOA&oe=69EA9D86&_nc_sid=5e03e0&mms3=true
batch-2,cmnuo3r8k02gtog79zwij8lys,EMPTY_PATH,audio,https://mmg.whatsapp.net/v/t62.7117-24/658406231_1269618487961209_8891386423514746892_n.enc?ccb=11-4&oh=01_Q5Aa4AHop_nh1Dgo5sfxGMTaffpX_bBiOAqJGUSf3nMPsylOaQ&oe=69EAAC49&_nc_sid=5e03e0&mms3=true
batch-2,cmnuo3r8k02guog79xoijvtg8,EMPTY_PATH,audio,https://mmg.whatsapp.net/v/t62.7117-24/558005743_25814090841604009_5647883397810724493_n.enc?ccb=11-4&oh=01_Q5Aa4AFmMAC2yLljpwcMpraeLDFHo7tUt596kCFLRXd-z5sbYg&oe=69EA9BE8&_nc_sid=5e03e0&mms3=true
batch-2,cmnuo3rbn035xog796rdqilxj,EMPTY_PATH,audio,https://mmg.whatsapp.net/v/t62.7117-24/610395984_1469756857994894_8484125459055731400_n.enc?ccb=11-4&oh=01_Q5Aa4AFnLCTXlx8PSazoUfAHpPjQxrv5ONHeHuLtusKy4YLHpA&oe=69EAC4E4&_nc_sid=5e03e0&mms3=true
batch-2,cmnuo3rbn035yog790cw9mql0,EMPTY_PATH,audio,https://mmg.whatsapp.net/v/t62.7117-24/545575141_1869750553726397_4675441458478782742_n.enc?ccb=11-4&oh=01_Q5Aa4AEEK7o8C8-MOpvNbTnt4hjxANkxfgHzak4MjB5Mk8Colw&oe=69EAA58C&_nc_sid=5e03e0&mms3=true
batch-2,cmnuo3r9v030zog7966ys2tg9,EMPTY_PATH,audio,https://mmg.whatsapp.net/v/t62.7117-24/544131621_1286429133412061_2261023707953005849_n.enc?ccb=11-4&oh=01_Q5Aa4AEXa2ve6JuzgVdd52kNYIsXKmwTRnGDtAeMbCi42phEwg&oe=69EA93E3&_nc_sid=5e03e0&mms3=true
batch-2,cmnuo3r7v024pog79vjwwe4r6,EMPTY_PATH,audio,https://mmg.whatsapp.net/v/t62.7117-24/557601366_1272827358112259_1476870330706798512_n.enc?ccb=11-4&oh=01_Q5Aa4AF4MJkn_DLH3OKnRkun7fg915V5935OiIWKlQ3wCyu_TA&oe=69EAC2EA&_nc_sid=5e03e0&mms3=true
batch-2,cmnuo3r8y02lmog79kmx218nk,EMPTY_PATH,audio,https://mmg.whatsapp.net/v/t62.7117-24/610114963_947229638264380_3651584457784596231_n.enc?ccb=11-4&oh=01_Q5Aa4AHUSHKWXkccEZr-JjjoNPl1I27x3ca1nTc3fu8z0OmucA&oe=69EA98F5&_nc_sid=5e03e0&mms3=true
batch-2,cmnuo3r9l02x3og79puhse7vw,EMPTY_PATH,audio,https://mmg.whatsapp.net/v/t62.7117-24/610209571_930764946031474_4711072025921586773_n.enc?ccb=11-4&oh=01_Q5Aa4AGhkLzsr3YYzYxBnZ9NdryiJOX24-OUE8JZqiVh03kHmA&oe=69EAA4A3&_nc_sid=5e03e0&mms3=true
batch-2,cmnuo3r7v024qog79nvk38v56,EMPTY_PATH,image,https://mmg.whatsapp.net/v/t62.7118-24/658888878_787918517326918_5461145634150550775_n.enc?ccb=11-4&oh=01_Q5Aa4AHszZgNbUC--Y6AMFumEnC-fXSMXasiz14esysFrP7ccg&oe=69EA9723&_nc_sid=5e03e0&mms3=true
batch-2,cmnuo3rbn035zog79xip2e08k,EMPTY_PATH,audio,https://mmg.whatsapp.net/v/t62.7117-24/609863595_25856776867351956_7481250924085170918_n.enc?ccb=11-4&oh=01_Q5Aa4AGg-ELXa7wS4-dIGemKNfIrqRGIBMyooqCWuSCT-9Q-4w&oe=69EAAA66&_nc_sid=5e03e0&mms3=true
batch-2,cmnuo3r8w02l4og79n845limt,EMPTY_PATH,audio,https://mmg.whatsapp.net/v/t62.7117-24/609136080_1425125892099729_2186995893591571520_n.enc?ccb=11-4&oh=01_Q5Aa4AGOyp_SKqBQKU22oYHJO1NRihcfWbsTSd4hZQacAbXftA&oe=69EA9167&_nc_sid=5e03e0&mms3=true
batch-2,cmnuo3r8w02l5og797bv094sg,EMPTY_PATH,audio,https://mmg.whatsapp.net/v/t62.7117-24/594542964_1861839051346935_346948999524063601_n.enc?ccb=11-4&oh=01_Q5Aa4AETrGz8qO1vN5JhrFUUgABjgG0RXOlyilmfSjK0auJYbw&oe=69EAB18D&_nc_sid=5e03e0&mms3=true
batch-2,cmnuo3r7o020yog792hnz7fea,EMPTY_PATH,audio,https://mmg.whatsapp.net/v/t62.7117-24/556657442_1825249034716209_7479301987450845464_n.enc?ccb=11-4&oh=01_Q5Aa4AEzNV8QLUk9S0HWB2cqjTNxqF_imtxkRYLs5d8uu4jLJQ&oe=69EA9C74&_nc_sid=5e03e0&mms3=true
batch-2,cmnuo3r7v024rog79ig8sulez,EMPTY_PATH,audio,https://mmg.whatsapp.net/v/t62.7117-24/608346821_2007308423542270_8983779306493912562_n.enc?ccb=11-4&oh=01_Q5Aa4AEkHcenCT2dJNnvEuJuyG5xDH6P_1y4lN1Up9qirujD5w&oe=69EAB341&_nc_sid=5e03e0&mms3=true
batch-2,cmnuo3r7w024sog79k1vjq2d1,EMPTY_PATH,image,https://mmg.whatsapp.net/v/t62.7118-24/615786857_1965359110752004_3684302208263309851_n.enc?ccb=11-4&oh=01_Q5Aa4AEPmhXdjNqQfF0EqDi4bLuxlc8mgTagIFjzfKxXcebl1g&oe=69EAA80E&_nc_sid=5e03e0&mms3=true
batch-2,cmnuo3r7w024tog793xamy4k9,EMPTY_PATH,audio,https://mmg.whatsapp.net/v/t62.7117-24/559726362_3484697761687423_5212547719851236359_n.enc?ccb=11-4&oh=01_Q5Aa4AF77c6V6NTg2la-VMSF2L-xHYqcp40Nj_IZ41-sX1Vo7Q&oe=69EABD37&_nc_sid=5e03e0&mms3=true
batch-2,cmnuo3r7w024uog79uc52r2jj,EMPTY_PATH,audio,https://mmg.whatsapp.net/v/t62.7117-24/606676219_1437443184739813_9010384962643656216_n.enc?ccb=11-4&oh=01_Q5Aa4AEQP0BrCCrjnhYeMb3FF_jKgZzzvfbzmOhJAG513G_1fQ&oe=69EA95A7&_nc_sid=5e03e0&mms3=true
batch-2,cmnuo3r7d01vpog790zevyh7m,EMPTY_PATH,audio,https://mmg.whatsapp.net/v/t62.7117-24/564716706_1519226203142895_7546095696334820844_n.enc?ccb=11-4&oh=01_Q5Aa4AG0HUwgd3dI_unqBTk43WuQVGYuIhgxEC9IyMbL2E8BZA&oe=69EA97F0&_nc_sid=5e03e0&mms3=true
batch-2,cmnuo3r7d01vqog79nnw1mb2k,EMPTY_PATH,audio,https://mmg.whatsapp.net/v/t62.7117-24/606656875_1574455533611894_3115578670482405175_n.enc?ccb=11-4&oh=01_Q5Aa4AG0OceipX5SrenUdJHv8_3-Hsw3yrNZ5GMJ1u7X8sL2BQ&oe=69EA8EBE&_nc_sid=5e03e0&mms3=true
batch-2,cmnuo3r7d01vrog79rov1eubb,EMPTY_PATH,audio,https://mmg.whatsapp.net/v/t62.7117-24/658973197_1643479406688494_1141376722153214346_n.enc?ccb=11-4&oh=01_Q5Aa4AEtq_9VFUrRCvgPPas4e6k5RAEuxtlJoKV39Z6pKrEFRQ&oe=69EA8B2D&_nc_sid=5e03e0&mms3=true
batch-2,cmnuo3r8y02lnog790zu9ccxc,EMPTY_PATH,audio,https://mmg.whatsapp.net/v/t62.7117-24/551064591_1649449376132819_8017751365633507259_n.enc?ccb=11-4&oh=01_Q5Aa4AFeOumZsiP45utQaeevPxc17Fskc3JsJOmUJvFPH5cgZA&oe=69EAB64A&_nc_sid=5e03e0&mms3=true
batch-2,cmnuo3r7d01vsog79fztzjp2y,EMPTY_PATH,audio,https://mmg.whatsapp.net/v/t62.7117-24/556601727_1222846496288629_2295126008252287425_n.enc?ccb=11-4&oh=01_Q5Aa4AE4JbVVkJzXuZzsrs-YBpZBv_AtGMbdFOjx3FvbNlt-xg&oe=69EAB64D&_nc_sid=5e03e0&mms3=true
batch-2,cmnuo3r8y02loog796xlken9p,EMPTY_PATH,audio,https://mmg.whatsapp.net/v/t62.7117-24/606651020_1517694403292149_8208706636545661295_n.enc?ccb=11-4&oh=01_Q5Aa4AEC6vtZ1tAGATTiwPg5wJAwDt7TfLrys-5aDQ1bUrhRtQ&oe=69EA9115&_nc_sid=5e03e0&mms3=true
batch-2,cmnuo3r7d01vtog79fx6gtn2z,EMPTY_PATH,audio,https://mmg.whatsapp.net/v/t62.7117-24/550949021_886632861099121_4909146246446114291_n.enc?ccb=11-4&oh=01_Q5Aa4AEXT0yZDbFDcFGz1L43RSWYiZ8YAr5F4hiFvUTvjghmig&oe=69EAB842&_nc_sid=5e03e0&mms3=true
batch-2,cmnuo3r7d01vuog790cq267wx,EMPTY_PATH,audio,https://mmg.whatsapp.net/v/t62.7117-24/658883538_1429346772264751_1832320046850247221_n.enc?ccb=11-4&oh=01_Q5Aa4AFUBJTCzYtvahgfEoIFykXOmrroQgqiFCk1I0f4vyksGA&oe=69EA93FC&_nc_sid=5e03e0&mms3=true
batch-2,cmnuo3r8y02lpog79vtvulh7u,EMPTY_PATH,audio,https://mmg.whatsapp.net/v/t62.7117-24/545212675_26205896489031606_6907186677799597241_n.enc?ccb=11-4&oh=01_Q5Aa4AGz2VNEiHhxpuKuBYQkb-2Mv1wpE31D0DSa_ZZCfntfeQ&oe=69EA91AA&_nc_sid=5e03e0&mms3=true
batch-2,cmnuo3r7d01vvog79si686zqs,EMPTY_PATH,audio,https://mmg.whatsapp.net/v/t62.7117-24/610188142_934811532267393_3323345136068644228_n.enc?ccb=11-4&oh=01_Q5Aa4AEE6EQ9FWFz_k5IrH8_AuxKwkYdEECBuT2CC1Ra5X40lA&oe=69EAAF5F&_nc_sid=5e03e0&mms3=true
batch-2,cmnuo3r8y02lqog79lleir2mb,EMPTY_PATH,audio,https://mmg.whatsapp.net/v/t62.7117-24/659426662_1490057972470143_4887004834310473952_n.enc?ccb=11-4&oh=01_Q5Aa4AEtTOQOuaUI6KKmhsqnx3Jj4QfXqkFnZbDYGNHo8ZNyMg&oe=69EABCCC&_nc_sid=5e03e0&mms3=true
batch-2,cmnuo3r8y02lrog79e3hto7qp,EMPTY_PATH,audio,https://mmg.whatsapp.net/v/t62.7117-24/658316811_1268316054723686_5124951870510966522_n.enc?ccb=11-4&oh=01_Q5Aa4AHqy5aUV-nAH0yi5hrJIqZLckiwNnli8U7EWaIJUxNkZQ&oe=69EAAEEC&_nc_sid=5e03e0&mms3=true
batch-2,cmnuo3r8y02lsog79qsik3oxc,EMPTY_PATH,audio,https://mmg.whatsapp.net/v/t62.7117-24/659216293_1271062121831176_4268615692759694837_n.enc?ccb=11-4&oh=01_Q5Aa4AErXfeOPtZqyFyS6q8ppiRsh2V3W6-6H_TfeHu56wo8og&oe=69EAA276&_nc_sid=5e03e0&mms3=true
batch-2,cmnuo3r7d01vwog791fkv4ot5,EMPTY_PATH,audio,https://mmg.whatsapp.net/v/t62.7117-24/560140593_967329869059569_604759598194487583_n.enc?ccb=11-4&oh=01_Q5Aa4AHAJFkFyUxd5SpbyeIoa7iMwn_BWgtcl9YAFdyZ6XW_uQ&oe=69EA8644&_nc_sid=5e03e0&mms3=true
batch-2,cmnuo3r7e01vxog796vmgzp1y,EMPTY_PATH,audio,https://mmg.whatsapp.net/v/t62.7117-24/612274074_4449405985303655_4468389405545527363_n.enc?ccb=11-4&oh=01_Q5Aa4AGT1q0hpbe8EtGxxsn10ASkuIoFnqE67RvJX5H2ikaUZQ&oe=69EAB646&_nc_sid=5e03e0&mms3=true
batch-2,cmnuo3r7e01vyog79rpi8c9b9,EMPTY_PATH,audio,https://mmg.whatsapp.net/v/t62.7117-24/561093511_2955028384667769_2822763942268329409_n.enc?ccb=11-4&oh=01_Q5Aa4AHEpG99PjJTA-x9Wr6RfKtoK415r5WBb864Cl5Xa95TAw&oe=69EAABB7&_nc_sid=5e03e0&mms3=true
batch-2,cmnuo3r8y02ltog79ug7cbggl,EMPTY_PATH,audio,https://mmg.whatsapp.net/v/t62.7117-24/558651591_930193776037377_3705316995790113660_n.enc?ccb=11-4&oh=01_Q5Aa4AHuDpA04srCOoKRGBhAF-ZYHJfPbb0aAXlWxc6SMviurw&oe=69EAB7D1&_nc_sid=5e03e0&mms3=true
batch-2,cmnuo3r8y02luog79onvsiza6,EMPTY_PATH,audio,https://mmg.whatsapp.net/v/t62.7117-24/606665986_1293399559353921_7433567403461370587_n.enc?ccb=11-4&oh=01_Q5Aa4AF9RU4u_W3Ystd1_butTbcqHf3qXtAS_daFnZuUn1NCgg&oe=69EAA1A5&_nc_sid=5e03e0&mms3=true
batch-2,cmnuo3r7e01vzog79626ldkv8,EMPTY_PATH,audio,https://mmg.whatsapp.net/v/t62.7117-24/659722647_1703294697333037_8671306291598533643_n.enc?ccb=11-4&oh=01_Q5Aa4AEuI_wSwaDeIG3DTFYCuuLVgxnSGASzvdF9JOW9YvSA-Q&oe=69EAAE3B&_nc_sid=5e03e0&mms3=true
batch-2,cmnuo3r8y02lvog79wc596g4n,EMPTY_PATH,audio,https://mmg.whatsapp.net/v/t62.7117-24/658439290_2441108879685158_6903735216045646422_n.enc?ccb=11-4&oh=01_Q5Aa4AEgyoTm0PPMttizbMAbx3TGm_Tg8jW5HYyvww5HzZcSOw&oe=69EA873B&_nc_sid=5e03e0&mms3=true
batch-2,cmnuo3r8y02lwog79rpabs6p1,EMPTY_PATH,audio,https://mmg.whatsapp.net/v/t62.7117-24/523798781_866126233107949_4918983593831565261_n.enc?ccb=11-4&oh=01_Q5Aa4AEo_6yaiS_PUyuMv-F9BPILg2BxG9YzBT4aeyJzIfsRew&oe=69EA8542&_nc_sid=5e03e0&mms3=true
batch-2,cmnuo3r8y02lxog796v906h89,EMPTY_PATH,audio,https://mmg.whatsapp.net/v/t62.7117-24/543005809_2446390915790414_1039095119748506240_n.enc?ccb=11-4&oh=01_Q5Aa4AFiClYVQV9OdYu9YRXd3KUoeJGaI3lS2Ct_Kn2t8mItaQ&oe=69EA9433&_nc_sid=5e03e0&mms3=true
batch-2,cmnuo3r8802buog79dx1f7472,EMPTY_PATH,audio,https://mmg.whatsapp.net/v/t62.7117-24/614288053_875563788853258_6007804216042595039_n.enc?ccb=11-4&oh=01_Q5Aa4AGJTC0HSvW_WPpwPyG2t_XL37BalCSXsQVYkkLLAJJrSw&oe=69EA9072&_nc_sid=5e03e0&mms3=true
batch-2,cmnuo3r8902bvog7928fzye91,EMPTY_PATH,audio,https://mmg.whatsapp.net/v/t62.7117-24/560564708_2417096825477522_5495341342775496691_n.enc?ccb=11-4&oh=01_Q5Aa4AFUSrMGzlAYaoKN-aiqC25nl88aa7RYxkU7RJkrqIk4Zw&oe=69EA8EB1&_nc_sid=5e03e0&mms3=true
batch-2,cmnuo3r7w024vog79826p8aqt,EMPTY_PATH,audio,https://mmg.whatsapp.net/v/t62.7117-24/564626208_4383095692017364_6902335550308339140_n.enc?ccb=11-4&oh=01_Q5Aa4AFjf0pEMk_O9OttMFGjIXnmV7pN_HF0_hR_MyAuGwqzdA&oe=69EA9CA1&_nc_sid=5e03e0&mms3=true
batch-2,cmnuo3r7w024wog79ryn2rc05,EMPTY_PATH,image,https://mmg.whatsapp.net/v/t62.7118-24/548886142_1212629417373407_8016253608624931493_n.enc?ccb=11-4&oh=01_Q5Aa4AEpoSFeb19VuReGaEPeF8ikV9wpYvxKkey6F7FvDhurGQ&oe=69EA885B&_nc_sid=5e03e0&mms3=true
batch-2,cmnuo3r7w024xog79u329hm6b,EMPTY_PATH,audio,https://mmg.whatsapp.net/v/t62.7117-24/563105182_1400302231897400_3467377734709984405_n.enc?ccb=11-4&oh=01_Q5Aa4AFp57mVckAe1Oxnri1NtYU6iNQojGmW7E1tpGggS1bptw&oe=69EA7EC9&_nc_sid=5e03e0&mms3=true
batch-2,cmnuo3r8902bwog79x8kvboa5,EMPTY_PATH,audio,https://mmg.whatsapp.net/v/t62.7117-24/612335843_1432878281895462_1271816010661152515_n.enc?ccb=11-4&oh=01_Q5Aa4AHTq5oqr-a_FfTATepKDN5H5K5CdJ9_WHzrChmH8JTSTA&oe=69EA7CDC&_nc_sid=5e03e0&mms3=true
batch-2,cmnuo3r8902bxog79u9jsp9tt,EMPTY_PATH,audio,https://mmg.whatsapp.net/v/t62.7117-24/558086872_1645124393175132_6592020887772863187_n.enc?ccb=11-4&oh=01_Q5Aa4AFgjbaFutBZL48r9k9Vwg3Q3zdhkoORhuGEYLnAHuIDGg&oe=69EA7E4E&_nc_sid=5e03e0&mms3=true
batch-2,cmnuo3r8902byog79v6nl2juk,EMPTY_PATH,audio,https://mmg.whatsapp.net/v/t62.7117-24/609467497_2119933742192748_8111431017038819315_n.enc?ccb=11-4&oh=01_Q5Aa4AFly2iwtu3yahANqMq1LafNU2mddaKULLi4QWRdtB2ZKA&oe=69EA99EC&_nc_sid=5e03e0&mms3=true
batch-2,cmnuo3r7o020zog79v5herj4l,EMPTY_PATH,audio,https://mmg.whatsapp.net/v/t62.7117-24/559695827_1550243036043901_2340041470536869046_n.enc?ccb=11-4&oh=01_Q5Aa4AGmTZArTIp4twf55DFbM8-UqWCT9w-Hg925-R0wU4GcFw&oe=69EA8BC2&_nc_sid=5e03e0&mms3=true
batch-2,cmnuo3rbn0360og7917bmh68a,EMPTY_PATH,audio,https://mmg.whatsapp.net/v/t62.7117-24/543963902_940255051727451_6067265361888144015_n.enc?ccb=11-4&oh=01_Q5Aa4AEWaNL9XpI00lzpKcTMGKQhkq3xKX8KECVx03_ijPHs-Q&oe=69EA7ED3&_nc_sid=5e03e0&mms3=true
batch-2,cmnuo3rbn0361og79olc03mck,EMPTY_PATH,audio,https://mmg.whatsapp.net/v/t62.7117-24/658877962_1866963490627476_5680443662999509585_n.enc?ccb=11-4&oh=01_Q5Aa4AFzMEuC6FNRWHe2SjqICWNd9znq5PfU1rlo-QHbFK-xCA&oe=69EA943B&_nc_sid=5e03e0&mms3=true
batch-2,cmnuo3r7o0210og79d4proxwy,EMPTY_PATH,audio,https://mmg.whatsapp.net/v/t62.7117-24/584593877_1268458048582033_4145796961944286638_n.enc?ccb=11-4&oh=01_Q5Aa4AGwoeql3GmuWrNg1MYTdxD661IIC9HGxbnl13OquUstGw&oe=69EA83F9&_nc_sid=5e03e0&mms3=true
batch-2,cmnuo3r9302o2og798qzlulvr,EMPTY_PATH,audio,https://mmg.whatsapp.net/v/t62.7117-24/560040428_967144329328215_5170946762283407356_n.enc?ccb=11-4&oh=01_Q5Aa4AH6asZuF3t-IuIqm0uXHIDX5q4QSyiNsmvrB14wfBSe3w&oe=69EAA492&_nc_sid=5e03e0&mms3=true
batch-2,cmnuo3r7o0211og79256vzavs,EMPTY_PATH,audio,https://mmg.whatsapp.net/v/t62.7117-24/550519818_26272720922411978_3525227796446830686_n.enc?ccb=11-4&oh=01_Q5Aa4AH9Z-pvzQvDrbo1LW_G-iYUKQQ7cSzGW1UpH9Up_dtw_w&oe=69EA8B9F&_nc_sid=5e03e0&mms3=true
batch-2,cmnuo3ra0032hog790wyyovqx,EMPTY_PATH,audio,https://mmg.whatsapp.net/v/t62.7117-24/610974384_4435943156640425_8769823388130695259_n.enc?ccb=11-4&oh=01_Q5Aa4AHNZJuO0NedOY49aDgYWrW3__haB3IRjAepW8zoubV1BA&oe=69EA8D7B&_nc_sid=5e03e0&mms3=true
batch-2,cmnuo3r8502acog794k2wkw5a,EMPTY_PATH,audio,https://mmg.whatsapp.net/v/t62.7117-24/607403348_2830569547283782_3310329928110596763_n.enc?ccb=11-4&oh=01_Q5Aa4AGgv4G0YBM2lb5opxCv5knDR7WG-eP8KbubNhWuijC3Pg&oe=69EA52A6&_nc_sid=5e03e0&mms3=true
batch-2,cmnuo3ra0032iog79mknozkfd,EMPTY_PATH,audio,https://mmg.whatsapp.net/v/t62.7117-24/659091145_830103029340520_7015753513898926268_n.enc?ccb=11-4&oh=01_Q5Aa4AHpsxZm6tpWGKcx4265_o0bvKngMISJDsJjNB6vV8gIuw&oe=69EA55E7&_nc_sid=5e03e0&mms3=true
batch-2,cmnuo3r7o0212og79i3c5sz93,EMPTY_PATH,audio,https://mmg.whatsapp.net/v/t62.7117-24/567176266_793522060467592_3936331683652631466_n.enc?ccb=11-4&oh=01_Q5Aa4AHGjPNPltgGFP35TDFgBzDRj6GXCMK7NNgrPsFdtKkRdA&oe=69EA5EC4&_nc_sid=5e03e0&mms3=true
batch-2,cmnuo3r8502adog7979bfxhck,EMPTY_PATH,audio,https://mmg.whatsapp.net/v/t62.7117-24/609852512_1729689211743288_4333601087035379940_n.enc?ccb=11-4&oh=01_Q5Aa4AFdjJmmQ8QUBQpx94dAyTf8E3P_x_Tud6IHoJ0bX7P9ww&oe=69EA7494&_nc_sid=5e03e0&mms3=true
batch-2,cmnuo3r8902bzog795fzyy6li,EMPTY_PATH,audio,https://mmg.whatsapp.net/v/t62.7117-24/614786975_1976559179609960_4091784007396974719_n.enc?ccb=11-4&oh=01_Q5Aa4AHEQPDufsgKzzIgyx8gOHIXSMGr1d5MEwhvyYnt3-FdKg&oe=69EA6A76&_nc_sid=5e03e0&mms3=true
batch-2,cmnuo3r8902c0og792c4vvtm5,EMPTY_PATH,audio,https://mmg.whatsapp.net/v/t62.7117-24/544453141_35089821180608985_1071930257154945641_n.enc?ccb=11-4&oh=01_Q5Aa4AE7A7wuQ34zAmBskjLSiXSyK_Prmcz42c98uqQG2W8BKQ&oe=69EA46F9&_nc_sid=5e03e0&mms3=true
batch-2,cmnuo3r8t02jwog792mqao6f5,EMPTY_PATH,audio,https://mmg.whatsapp.net/v/t62.7117-24/610532454_1621006823362196_3002151614717296875_n.enc?ccb=11-4&oh=01_Q5Aa4AF7C8dZpebZ6Flxtrat0ULGpbbUIj1CzCEye5bhp6rFOQ&oe=69EA79A0&_nc_sid=5e03e0&mms3=true
batch-2,cmnuo3r7o0213og797smykq43,EMPTY_PATH,audio,https://mmg.whatsapp.net/v/t62.7117-24/609863571_2284286835315094_156670319895790761_n.enc?ccb=11-4&oh=01_Q5Aa4AHGLMHzhULTxhhmAk6s28We9gv2-Jrg7grwCMXhyDtXhA&oe=69EA5048&_nc_sid=5e03e0&mms3=true
batch-2,cmnuo3r7o0214og79r0jy7oy6,EMPTY_PATH,audio,https://mmg.whatsapp.net/v/t62.7117-24/545491726_1866006877266288_5711686500405129267_n.enc?ccb=11-4&oh=01_Q5Aa4AFaj5xFPIJvRe52-LYrft0SzebKhpvGrhm5SDJfgbVRDg&oe=69EA4AC5&_nc_sid=5e03e0&mms3=true
batch-2,cmnuo3r9p02ylog79ojwh0us1,EMPTY_PATH,audio,https://mmg.whatsapp.net/v/t62.7117-24/609240463_1587337853397590_1104563099742802182_n.enc?ccb=11-4&oh=01_Q5Aa4AG8AATZnfxGBLgwpNTTqqOaY8mX7Y3lLJTs8OXUEfs7IQ&oe=69EA70B9&_nc_sid=5e03e0&mms3=true
batch-2,cmnuo3ra0032kog79kk98ez2y,EMPTY_PATH,audio,https://mmg.whatsapp.net/v/t62.7117-24/550377043_1610755040159063_7774032566382371473_n.enc?ccb=11-4&oh=01_Q5Aa4AGQSt9kkxRcfz5xn6hIRjV3M5q_B5FlSZS22yHhkaY86A&oe=69EA5E97&_nc_sid=5e03e0&mms3=true
